日付,小売店名,店舗名,ブランド名,商品名,売上数量,売上金額,年月,登録日時
2026-06-30,アインズ,地下街店,レチスパ,レチスパ クリームシャンプー 390g,2,0,2026-06,2026-06-11 10:23:18
2026-06-30,アインズ,ル・トロワ店,レチスパ,レチスパ クリームシャンプー 390g,1,0,2026-06,2026-06-11 10:23:18
2026-06-30,アインズ,福岡天神西通り店,レチスパ,レチスパ クリームシャンプー 390g,1,0,2026-06,2026-06-11 10:23:18
2026-06-30,アインズ,ららぽーと福岡店,レチスパ,レチスパ クリームシャンプー 390g,7,0,2026-06,2026-06-11 10:23:18
2026-06-30,アインズ,西武新宿ペペ店,レチスパ,レチスパ クリームシャンプー 390g,3,0,2026-06,2026-06-11 10:23:18
2026-06-30,アインズ,シーナシーナ青森店,レチスパ,レチスパ クリームシャンプー 390g,1,0,2026-06,2026-06-11 10:23:18
2026-06-30,アインズ,地下街店,レチスパ,レチスパ クリームシャンプー サシェ 12g×2,11,0,2026-06,2026-06-11 10:23:18
2026-06-30,アインズ,ル・トロワ店,レチスパ,レチスパ クリームシャンプー サシェ 12g×2,11,0,2026-06,2026-06-11 10:23:18
2026-06-30,アインズ,光が丘ＩＭＡ店,レチスパ,レチスパ クリームシャンプー サシェ 12g×2,1,0,2026-06,2026-06-11 10:23:18
2026-06-30,アインズ,みなとみらい東急スクエア店,レチスパ,レチスパ クリームシャンプー サシェ 12g×2,3,0,2026-06,2026-06-11 10:23:18
2026-06-30,アインズ,ららぽーと福岡店,レチスパ,レチスパ クリームシャンプー サシェ 12g×2,21,0,2026-06,2026-06-11 10:23:18
2026-06-30,アインズ,西武新宿ペペ店,レチスパ,レチスパ クリームシャンプー サシェ 12g×2,12,0,2026-06,2026-06-11 10:23:18
2026-06-30,アインズ,福屋広島駅前店,レチスパ,レチスパ クリームシャンプー サシェ 12g×2,2,0,2026-06,2026-06-11 10:23:18
2026-06-30,アインズ,モリタウン昭島店,レチスパ,レチスパ クリームシャンプー サシェ 12g×2,6,0,2026-06,2026-06-11 10:23:18
2026-06-30,アインズ,池袋東武ホープセンター,レチスパ,レチスパ クリームシャンプー サシェ 12g×2,1,0,2026-06,2026-06-11 10:23:18
2026-06-30,アインズ,琴似店,YOU TOKYO,YOU TOKYO ヘアミルクSW 100mL,1,0,2026-06,2026-06-11 10:23:18
2026-06-30,アインズ,地下街店,YOU TOKYO,YOU TOKYO ヘアミルクSW 100mL,2,0,2026-06,2026-06-11 10:23:18
2026-06-30,アインズ,宇都宮店,YOU TOKYO,YOU TOKYO ヘアミルクSW 100mL,4,0,2026-06,2026-06-11 10:23:18
2026-06-30,アインズ,川口店,YOU TOKYO,YOU TOKYO ヘアミルクSW 100mL,5,0,2026-06,2026-06-11 10:23:18
2026-06-30,アインズ,自由が丘,YOU TOKYO,YOU TOKYO ヘアミルクSW 100mL,2,0,2026-06,2026-06-11 10:23:18
2026-06-30,アインズ,マルヤマクラス店,YOU TOKYO,YOU TOKYO ヘアミルクSW 100mL,3,0,2026-06,2026-06-11 10:23:18
2026-06-30,アインズ,大通ビッセ店,YOU TOKYO,YOU TOKYO ヘアミルクSW 100mL,2,0,2026-06,2026-06-11 10:23:18
2026-06-30,アインズ,東京駅店,YOU TOKYO,YOU TOKYO ヘアミルクSW 100mL,2,0,2026-06,2026-06-11 10:23:18
2026-06-30,アインズ,アリオ札幌店,YOU TOKYO,YOU TOKYO ヘアミルクSW 100mL,6,0,2026-06,2026-06-11 10:23:18
2026-06-30,アインズ,デュオ店,YOU TOKYO,YOU TOKYO ヘアミルクSW 100mL,4,0,2026-06,2026-06-11 10:23:18
2026-06-30,アインズ,錦糸町マルイ店,YOU TOKYO,YOU TOKYO ヘアミルクSW 100mL,5,0,2026-06,2026-06-11 10:23:18
2026-06-30,アインズ,ル・トロワ店,YOU TOKYO,YOU TOKYO ヘアミルクSW 100mL,5,0,2026-06,2026-06-11 10:23:18
2026-06-30,アインズ,新宿東口店,YOU TOKYO,YOU TOKYO ヘアミルクSW 100mL,5,0,2026-06,2026-06-11 10:23:18
2026-06-30,アインズ,北千住マルイ店,YOU TOKYO,YOU TOKYO ヘアミルクSW 100mL,21,0,2026-06,2026-06-11 10:23:18
2026-06-30,アインズ,コレットマーレ桜木町店,YOU TOKYO,YOU TOKYO ヘアミルクSW 100mL,2,0,2026-06,2026-06-11 10:23:18
2026-06-30,アインズ,横浜ジョイナス店,YOU TOKYO,YOU TOKYO ヘアミルクSW 100mL,2,0,2026-06,2026-06-11 10:23:18
2026-06-30,アインズ,小田急百貨店町田店,YOU TOKYO,YOU TOKYO ヘアミルクSW 100mL,9,0,2026-06,2026-06-11 10:23:18
2026-06-30,アインズ,グランエミオ所沢店２Ｆ,YOU TOKYO,YOU TOKYO ヘアミルクSW 100mL,2,0,2026-06,2026-06-11 10:23:18
2026-06-30,アインズ,草加ヴァリエ店,YOU TOKYO,YOU TOKYO ヘアミルクSW 100mL,1,0,2026-06,2026-06-11 10:23:18
2026-06-30,アインズ,府中フォーリス店,YOU TOKYO,YOU TOKYO ヘアミルクSW 100mL,3,0,2026-06,2026-06-11 10:23:18
2026-06-30,アインズ,梅田ヘップファイブ店,YOU TOKYO,YOU TOKYO ヘアミルクSW 100mL,1,0,2026-06,2026-06-11 10:23:18
2026-06-30,アインズ,浅草ＲＯＸ店,YOU TOKYO,YOU TOKYO ヘアミルクSW 100mL,5,0,2026-06,2026-06-11 10:23:18
2026-06-30,アインズ,ペリエ千葉店,YOU TOKYO,YOU TOKYO ヘアミルクSW 100mL,2,0,2026-06,2026-06-11 10:23:18
2026-06-30,アインズ,川崎ゼロゲート店,YOU TOKYO,YOU TOKYO ヘアミルクSW 100mL,2,0,2026-06,2026-06-11 10:23:18
2026-06-30,アインズ,栄セントラルパーク店,YOU TOKYO,YOU TOKYO ヘアミルクSW 100mL,2,0,2026-06,2026-06-11 10:23:18
2026-06-30,アインズ,大宮アルシェ店,YOU TOKYO,YOU TOKYO ヘアミルクSW 100mL,3,0,2026-06,2026-06-11 10:23:18
2026-06-30,アインズ,ＬＩＮＫＳＵＭＥＤＡ店,YOU TOKYO,YOU TOKYO ヘアミルクSW 100mL,6,0,2026-06,2026-06-11 10:23:18
2026-06-30,アインズ,銀座インズ店,YOU TOKYO,YOU TOKYO ヘアミルクSW 100mL,5,0,2026-06,2026-06-11 10:23:18
2026-06-30,アインズ,博多マルイ店,YOU TOKYO,YOU TOKYO ヘアミルクSW 100mL,2,0,2026-06,2026-06-11 10:23:18
2026-06-30,アインズ,東急プラザ戸塚店,YOU TOKYO,YOU TOKYO ヘアミルクSW 100mL,4,0,2026-06,2026-06-11 10:23:18
2026-06-30,アインズ,札幌国際ビル店,YOU TOKYO,YOU TOKYO ヘアミルクSW 100mL,2,0,2026-06,2026-06-11 10:23:18
2026-06-30,アインズ,光が丘ＩＭＡ店,YOU TOKYO,YOU TOKYO ヘアミルクSW 100mL,6,0,2026-06,2026-06-11 10:23:18
2026-06-30,アインズ,アミュプラザくまもと店,YOU TOKYO,YOU TOKYO ヘアミルクSW 100mL,3,0,2026-06,2026-06-11 10:23:18
2026-06-30,アインズ,大名古屋ビルヂング店,YOU TOKYO,YOU TOKYO ヘアミルクSW 100mL,5,0,2026-06,2026-06-11 10:23:18
2026-06-30,アインズ,大船店,YOU TOKYO,YOU TOKYO ヘアミルクSW 100mL,1,0,2026-06,2026-06-11 10:23:18
2026-06-30,アインズ,グランデュオ立川店,YOU TOKYO,YOU TOKYO ヘアミルクSW 100mL,2,0,2026-06,2026-06-11 10:23:18
2026-06-30,アインズ,福岡三越ラシック店,YOU TOKYO,YOU TOKYO ヘアミルクSW 100mL,3,0,2026-06,2026-06-11 10:23:18
2026-06-30,アインズ,アミュプラザ鹿児島店,YOU TOKYO,YOU TOKYO ヘアミルクSW 100mL,2,0,2026-06,2026-06-11 10:23:18
2026-06-30,アインズ,みなとみらい東急スクエア店,YOU TOKYO,YOU TOKYO ヘアミルクSW 100mL,1,0,2026-06,2026-06-11 10:23:18
2026-06-30,アインズ,福岡天神西通り店,YOU TOKYO,YOU TOKYO ヘアミルクSW 100mL,2,0,2026-06,2026-06-11 10:23:18
2026-06-30,アインズ,エキソアレ西神中央店,YOU TOKYO,YOU TOKYO ヘアミルクSW 100mL,3,0,2026-06,2026-06-11 10:23:18
2026-06-30,アインズ,ららぽーと福岡店,YOU TOKYO,YOU TOKYO ヘアミルクSW 100mL,3,0,2026-06,2026-06-11 10:23:18
2026-06-30,アインズ,カメイドクロック店,YOU TOKYO,YOU TOKYO ヘアミルクSW 100mL,2,0,2026-06,2026-06-11 10:23:18
2026-06-30,アインズ,モザイクモール港北店,YOU TOKYO,YOU TOKYO ヘアミルクSW 100mL,1,0,2026-06,2026-06-11 10:23:18
2026-06-30,アインズ,神戸元町店,YOU TOKYO,YOU TOKYO ヘアミルクSW 100mL,6,0,2026-06,2026-06-11 10:23:18
2026-06-30,アインズ,二子玉川ライズＳ．Ｃ．店,YOU TOKYO,YOU TOKYO ヘアミルクSW 100mL,2,0,2026-06,2026-06-11 10:23:18
2026-06-30,アインズ,セレオ国分寺店,YOU TOKYO,YOU TOKYO ヘアミルクSW 100mL,2,0,2026-06,2026-06-11 10:23:18
2026-06-30,アインズ,シャポー小岩店,YOU TOKYO,YOU TOKYO ヘアミルクSW 100mL,4,0,2026-06,2026-06-11 10:23:18
2026-06-30,アインズ,ココリア多摩センター店,YOU TOKYO,YOU TOKYO ヘアミルクSW 100mL,1,0,2026-06,2026-06-11 10:23:18
2026-06-30,アインズ,ココノススキノ店,YOU TOKYO,YOU TOKYO ヘアミルクSW 100mL,6,0,2026-06,2026-06-11 10:23:18
2026-06-30,アインズ,エキュート上野店,YOU TOKYO,YOU TOKYO ヘアミルクSW 100mL,2,0,2026-06,2026-06-11 10:23:18
2026-06-30,アインズ,Ｃａｒｒｏｔ　Ｓｔ．ＳＡＮＣＨ,YOU TOKYO,YOU TOKYO ヘアミルクSW 100mL,2,0,2026-06,2026-06-11 10:23:18
2026-06-30,アインズ,西武新宿ペペ店,YOU TOKYO,YOU TOKYO ヘアミルクSW 100mL,4,0,2026-06,2026-06-11 10:23:18
2026-06-30,アインズ,シーナシーナ屯田店,YOU TOKYO,YOU TOKYO ヘアミルクSW 100mL,1,0,2026-06,2026-06-11 10:23:18
2026-06-30,アインズ,シーナシーナ青森店,YOU TOKYO,YOU TOKYO ヘアミルクSW 100mL,1,0,2026-06,2026-06-11 10:23:18
2026-06-30,アインズ,渋谷モディ店,YOU TOKYO,YOU TOKYO ヘアミルクSW 100mL,3,0,2026-06,2026-06-11 10:23:18
2026-06-30,アインズ,シーナシーナ福住店,YOU TOKYO,YOU TOKYO ヘアミルクSW 100mL,4,0,2026-06,2026-06-11 10:23:18
2026-06-30,アインズ,シーナシーナ弘前店,YOU TOKYO,YOU TOKYO ヘアミルクSW 100mL,2,0,2026-06,2026-06-11 10:23:18
2026-06-30,アインズ,ヨークパーク郡山店,YOU TOKYO,YOU TOKYO ヘアミルクSW 100mL,2,0,2026-06,2026-06-11 10:23:18
2026-06-30,アインズ,広島ＰＡＲＣＯ店,YOU TOKYO,YOU TOKYO ヘアミルクSW 100mL,3,0,2026-06,2026-06-11 10:23:18
2026-06-30,アインズ,仙台ＰＡＲＣＯ１,YOU TOKYO,YOU TOKYO ヘアミルクSW 100mL,2,0,2026-06,2026-06-11 10:23:18
2026-06-30,アインズ,ビーンズ保土ヶ谷店,YOU TOKYO,YOU TOKYO ヘアミルクSW 100mL,1,0,2026-06,2026-06-11 10:23:18
2026-06-30,アインズ,エトモ中央林間店,YOU TOKYO,YOU TOKYO ヘアミルクSW 100mL,2,0,2026-06,2026-06-11 10:23:18
2026-06-30,アインズ,アトレマルヒロ川越店,YOU TOKYO,YOU TOKYO ヘアミルクSW 100mL,2,0,2026-06,2026-06-11 10:23:18
2026-06-30,アインズ,福屋広島駅前店,YOU TOKYO,YOU TOKYO ヘアミルクSW 100mL,8,0,2026-06,2026-06-11 10:23:18
2026-06-30,アインズ,洛北阪急スクエア店,YOU TOKYO,YOU TOKYO ヘアミルクSW 100mL,4,0,2026-06,2026-06-11 10:23:18
2026-06-30,アインズ,琴似店,YOU TOKYO,YOU TOKYO ヘアミルク ラヴィアンローズ,1,0,2026-06,2026-06-11 10:23:18
2026-06-30,アインズ,地下街店,YOU TOKYO,YOU TOKYO ヘアミルク ラヴィアンローズ,5,0,2026-06,2026-06-11 10:23:18
2026-06-30,アインズ,川口店,YOU TOKYO,YOU TOKYO ヘアミルク ラヴィアンローズ,4,0,2026-06,2026-06-11 10:23:18
2026-06-30,アインズ,自由が丘,YOU TOKYO,YOU TOKYO ヘアミルク ラヴィアンローズ,5,0,2026-06,2026-06-11 10:23:18
2026-06-30,アインズ,マルヤマクラス店,YOU TOKYO,YOU TOKYO ヘアミルク ラヴィアンローズ,1,0,2026-06,2026-06-11 10:23:18
2026-06-30,アインズ,大通ビッセ店,YOU TOKYO,YOU TOKYO ヘアミルク ラヴィアンローズ,3,0,2026-06,2026-06-11 10:23:18
2026-06-30,アインズ,東京駅店,YOU TOKYO,YOU TOKYO ヘアミルク ラヴィアンローズ,4,0,2026-06,2026-06-11 10:23:18
2026-06-30,アインズ,アリオ札幌店,YOU TOKYO,YOU TOKYO ヘアミルク ラヴィアンローズ,2,0,2026-06,2026-06-11 10:23:18
2026-06-30,アインズ,デュオ店,YOU TOKYO,YOU TOKYO ヘアミルク ラヴィアンローズ,1,0,2026-06,2026-06-11 10:23:18
2026-06-30,アインズ,錦糸町マルイ店,YOU TOKYO,YOU TOKYO ヘアミルク ラヴィアンローズ,5,0,2026-06,2026-06-11 10:23:18
2026-06-30,アインズ,ル・トロワ店,YOU TOKYO,YOU TOKYO ヘアミルク ラヴィアンローズ,1,0,2026-06,2026-06-11 10:23:18
2026-06-30,アインズ,新宿東口店,YOU TOKYO,YOU TOKYO ヘアミルク ラヴィアンローズ,5,0,2026-06,2026-06-11 10:23:18
2026-06-30,アインズ,北千住マルイ店,YOU TOKYO,YOU TOKYO ヘアミルク ラヴィアンローズ,5,0,2026-06,2026-06-11 10:23:18
2026-06-30,アインズ,コレットマーレ桜木町店,YOU TOKYO,YOU TOKYO ヘアミルク ラヴィアンローズ,2,0,2026-06,2026-06-11 10:23:18
2026-06-30,アインズ,横浜ジョイナス店,YOU TOKYO,YOU TOKYO ヘアミルク ラヴィアンローズ,5,0,2026-06,2026-06-11 10:23:18
2026-06-30,アインズ,小田急百貨店町田店,YOU TOKYO,YOU TOKYO ヘアミルク ラヴィアンローズ,6,0,2026-06,2026-06-11 10:23:18
2026-06-30,アインズ,グランエミオ所沢店２Ｆ,YOU TOKYO,YOU TOKYO ヘアミルク ラヴィアンローズ,4,0,2026-06,2026-06-11 10:23:18
2026-06-30,アインズ,草加ヴァリエ店,YOU TOKYO,YOU TOKYO ヘアミルク ラヴィアンローズ,3,0,2026-06,2026-06-11 10:23:18
2026-06-30,アインズ,府中フォーリス店,YOU TOKYO,YOU TOKYO ヘアミルク ラヴィアンローズ,3,0,2026-06,2026-06-11 10:23:18
2026-06-30,アインズ,梅田ヘップファイブ店,YOU TOKYO,YOU TOKYO ヘアミルク ラヴィアンローズ,2,0,2026-06,2026-06-11 10:23:18
2026-06-30,アインズ,浅草ＲＯＸ店,YOU TOKYO,YOU TOKYO ヘアミルク ラヴィアンローズ,1,0,2026-06,2026-06-11 10:23:18
2026-06-30,アインズ,川崎ゼロゲート店,YOU TOKYO,YOU TOKYO ヘアミルク ラヴィアンローズ,5,0,2026-06,2026-06-11 10:23:18
2026-06-30,アインズ,栄セントラルパーク店,YOU TOKYO,YOU TOKYO ヘアミルク ラヴィアンローズ,1,0,2026-06,2026-06-11 10:23:18
2026-06-30,アインズ,大宮アルシェ店,YOU TOKYO,YOU TOKYO ヘアミルク ラヴィアンローズ,1,0,2026-06,2026-06-11 10:23:18
2026-06-30,アインズ,銀座インズ店,YOU TOKYO,YOU TOKYO ヘアミルク ラヴィアンローズ,6,0,2026-06,2026-06-11 10:23:18
2026-06-30,アインズ,博多マルイ店,YOU TOKYO,YOU TOKYO ヘアミルク ラヴィアンローズ,1,0,2026-06,2026-06-11 10:23:18
2026-06-30,アインズ,東急プラザ戸塚店,YOU TOKYO,YOU TOKYO ヘアミルク ラヴィアンローズ,6,0,2026-06,2026-06-11 10:23:18
2026-06-30,アインズ,札幌国際ビル店,YOU TOKYO,YOU TOKYO ヘアミルク ラヴィアンローズ,1,0,2026-06,2026-06-11 10:23:18
2026-06-30,アインズ,光が丘ＩＭＡ店,YOU TOKYO,YOU TOKYO ヘアミルク ラヴィアンローズ,4,0,2026-06,2026-06-11 10:23:18
2026-06-30,アインズ,大名古屋ビルヂング店,YOU TOKYO,YOU TOKYO ヘアミルク ラヴィアンローズ,1,0,2026-06,2026-06-11 10:23:18
2026-06-30,アインズ,大船店,YOU TOKYO,YOU TOKYO ヘアミルク ラヴィアンローズ,1,0,2026-06,2026-06-11 10:23:18
2026-06-30,アインズ,グランデュオ立川店,YOU TOKYO,YOU TOKYO ヘアミルク ラヴィアンローズ,1,0,2026-06,2026-06-11 10:23:18
2026-06-30,アインズ,福岡三越ラシック店,YOU TOKYO,YOU TOKYO ヘアミルク ラヴィアンローズ,1,0,2026-06,2026-06-11 10:23:18
2026-06-30,アインズ,みなとみらい東急スクエア店,YOU TOKYO,YOU TOKYO ヘアミルク ラヴィアンローズ,2,0,2026-06,2026-06-11 10:23:18
2026-06-30,アインズ,福岡天神西通り店,YOU TOKYO,YOU TOKYO ヘアミルク ラヴィアンローズ,1,0,2026-06,2026-06-11 10:23:18
2026-06-30,アインズ,エキソアレ西神中央店,YOU TOKYO,YOU TOKYO ヘアミルク ラヴィアンローズ,5,0,2026-06,2026-06-11 10:23:18
2026-06-30,アインズ,ららぽーと福岡店,YOU TOKYO,YOU TOKYO ヘアミルク ラヴィアンローズ,1,0,2026-06,2026-06-11 10:23:18
2026-06-30,アインズ,カメイドクロック店,YOU TOKYO,YOU TOKYO ヘアミルク ラヴィアンローズ,1,0,2026-06,2026-06-11 10:23:18
2026-06-30,アインズ,神戸元町店,YOU TOKYO,YOU TOKYO ヘアミルク ラヴィアンローズ,8,0,2026-06,2026-06-11 10:23:18
2026-06-30,アインズ,二子玉川ライズＳ．Ｃ．店,YOU TOKYO,YOU TOKYO ヘアミルク ラヴィアンローズ,2,0,2026-06,2026-06-11 10:23:18
2026-06-30,アインズ,セレオ国分寺店,YOU TOKYO,YOU TOKYO ヘアミルク ラヴィアンローズ,3,0,2026-06,2026-06-11 10:23:18
2026-06-30,アインズ,シャポー小岩店,YOU TOKYO,YOU TOKYO ヘアミルク ラヴィアンローズ,2,0,2026-06,2026-06-11 10:23:18
2026-06-30,アインズ,ココリア多摩センター店,YOU TOKYO,YOU TOKYO ヘアミルク ラヴィアンローズ,2,0,2026-06,2026-06-11 10:23:18
2026-06-30,アインズ,ココノススキノ店,YOU TOKYO,YOU TOKYO ヘアミルク ラヴィアンローズ,3,0,2026-06,2026-06-11 10:23:18
2026-06-30,アインズ,エキュート上野店,YOU TOKYO,YOU TOKYO ヘアミルク ラヴィアンローズ,3,0,2026-06,2026-06-11 10:23:18
2026-06-30,アインズ,Ｃａｒｒｏｔ　Ｓｔ．ＳＡＮＣＨ,YOU TOKYO,YOU TOKYO ヘアミルク ラヴィアンローズ,5,0,2026-06,2026-06-11 10:23:18
2026-06-30,アインズ,西武新宿ペペ店,YOU TOKYO,YOU TOKYO ヘアミルク ラヴィアンローズ,4,0,2026-06,2026-06-11 10:23:18
2026-06-30,アインズ,シーナシーナ福住店,YOU TOKYO,YOU TOKYO ヘアミルク ラヴィアンローズ,1,0,2026-06,2026-06-11 10:23:18
2026-06-30,アインズ,ヨークパーク郡山店,YOU TOKYO,YOU TOKYO ヘアミルク ラヴィアンローズ,3,0,2026-06,2026-06-11 10:23:18
2026-06-30,アインズ,広島ＰＡＲＣＯ店,YOU TOKYO,YOU TOKYO ヘアミルク ラヴィアンローズ,2,0,2026-06,2026-06-11 10:23:18
2026-06-30,アインズ,エトモ中央林間店,YOU TOKYO,YOU TOKYO ヘアミルク ラヴィアンローズ,5,0,2026-06,2026-06-11 10:23:18
2026-06-30,アインズ,アトレマルヒロ川越店,YOU TOKYO,YOU TOKYO ヘアミルク ラヴィアンローズ,2,0,2026-06,2026-06-11 10:23:18
2026-06-30,アインズ,月寒中央店,YOU TOKYO,YOU TOKYO ヘアミルクパウチSW 10mL,3,0,2026-06,2026-06-11 10:23:18
2026-06-30,アインズ,琴似店,YOU TOKYO,YOU TOKYO ヘアミルクパウチSW 10mL,5,0,2026-06,2026-06-11 10:23:18
2026-06-30,アインズ,地下街店,YOU TOKYO,YOU TOKYO ヘアミルクパウチSW 10mL,8,0,2026-06,2026-06-11 10:23:18
2026-06-30,アインズ,宇都宮店,YOU TOKYO,YOU TOKYO ヘアミルクパウチSW 10mL,5,0,2026-06,2026-06-11 10:23:18
2026-06-30,アインズ,川口店,YOU TOKYO,YOU TOKYO ヘアミルクパウチSW 10mL,9,0,2026-06,2026-06-11 10:23:18
2026-06-30,アインズ,自由が丘,YOU TOKYO,YOU TOKYO ヘアミルクパウチSW 10mL,8,0,2026-06,2026-06-11 10:23:18
2026-06-30,アインズ,マルヤマクラス店,YOU TOKYO,YOU TOKYO ヘアミルクパウチSW 10mL,5,0,2026-06,2026-06-11 10:23:18
2026-06-30,アインズ,大通ビッセ店,YOU TOKYO,YOU TOKYO ヘアミルクパウチSW 10mL,3,0,2026-06,2026-06-11 10:23:18
2026-06-30,アインズ,東京駅店,YOU TOKYO,YOU TOKYO ヘアミルクパウチSW 10mL,8,0,2026-06,2026-06-11 10:23:18
2026-06-30,アインズ,宮の沢駅店,YOU TOKYO,YOU TOKYO ヘアミルクパウチSW 10mL,2,0,2026-06,2026-06-11 10:23:18
2026-06-30,アインズ,アリオ札幌店,YOU TOKYO,YOU TOKYO ヘアミルクパウチSW 10mL,8,0,2026-06,2026-06-11 10:23:18
2026-06-30,アインズ,デュオ店,YOU TOKYO,YOU TOKYO ヘアミルクパウチSW 10mL,9,0,2026-06,2026-06-11 10:23:18
2026-06-30,アインズ,錦糸町マルイ店,YOU TOKYO,YOU TOKYO ヘアミルクパウチSW 10mL,8,0,2026-06,2026-06-11 10:23:18
2026-06-30,アインズ,ル・トロワ店,YOU TOKYO,YOU TOKYO ヘアミルクパウチSW 10mL,6,0,2026-06,2026-06-11 10:23:18
2026-06-30,アインズ,新宿東口店,YOU TOKYO,YOU TOKYO ヘアミルクパウチSW 10mL,10,0,2026-06,2026-06-11 10:23:18
2026-06-30,アインズ,北千住マルイ店,YOU TOKYO,YOU TOKYO ヘアミルクパウチSW 10mL,26,0,2026-06,2026-06-11 10:23:18
2026-06-30,アインズ,コレットマーレ桜木町店,YOU TOKYO,YOU TOKYO ヘアミルクパウチSW 10mL,10,0,2026-06,2026-06-11 10:23:18
2026-06-30,アインズ,横浜ジョイナス店,YOU TOKYO,YOU TOKYO ヘアミルクパウチSW 10mL,10,0,2026-06,2026-06-11 10:23:18
2026-06-30,アインズ,小田急百貨店町田店,YOU TOKYO,YOU TOKYO ヘアミルクパウチSW 10mL,10,0,2026-06,2026-06-11 10:23:18
2026-06-30,アインズ,グランエミオ所沢店２Ｆ,YOU TOKYO,YOU TOKYO ヘアミルクパウチSW 10mL,9,0,2026-06,2026-06-11 10:23:18
2026-06-30,アインズ,草加ヴァリエ店,YOU TOKYO,YOU TOKYO ヘアミルクパウチSW 10mL,8,0,2026-06,2026-06-11 10:23:18
2026-06-30,アインズ,浅草ＲＯＸ店,YOU TOKYO,YOU TOKYO ヘアミルクパウチSW 10mL,10,0,2026-06,2026-06-11 10:23:18
2026-06-30,アインズ,ペリエ千葉店,YOU TOKYO,YOU TOKYO ヘアミルクパウチSW 10mL,3,0,2026-06,2026-06-11 10:23:18
2026-06-30,アインズ,川崎ゼロゲート店,YOU TOKYO,YOU TOKYO ヘアミルクパウチSW 10mL,2,0,2026-06,2026-06-11 10:23:18
2026-06-30,アインズ,栄セントラルパーク店,YOU TOKYO,YOU TOKYO ヘアミルクパウチSW 10mL,3,0,2026-06,2026-06-11 10:23:18
2026-06-30,アインズ,大宮アルシェ店,YOU TOKYO,YOU TOKYO ヘアミルクパウチSW 10mL,8,0,2026-06,2026-06-11 10:23:18
2026-06-30,アインズ,ＬＩＮＫＳＵＭＥＤＡ店,YOU TOKYO,YOU TOKYO ヘアミルクパウチSW 10mL,9,0,2026-06,2026-06-11 10:23:18
2026-06-30,アインズ,銀座インズ店,YOU TOKYO,YOU TOKYO ヘアミルクパウチSW 10mL,10,0,2026-06,2026-06-11 10:23:18
2026-06-30,アインズ,博多マルイ店,YOU TOKYO,YOU TOKYO ヘアミルクパウチSW 10mL,4,0,2026-06,2026-06-11 10:23:18
2026-06-30,アインズ,東急プラザ戸塚店,YOU TOKYO,YOU TOKYO ヘアミルクパウチSW 10mL,5,0,2026-06,2026-06-11 10:23:18
2026-06-30,アインズ,札幌国際ビル店,YOU TOKYO,YOU TOKYO ヘアミルクパウチSW 10mL,17,0,2026-06,2026-06-11 10:23:18
2026-06-30,アインズ,光が丘ＩＭＡ店,YOU TOKYO,YOU TOKYO ヘアミルクパウチSW 10mL,12,0,2026-06,2026-06-11 10:23:18
2026-06-30,アインズ,アミュプラザくまもと店,YOU TOKYO,YOU TOKYO ヘアミルクパウチSW 10mL,2,0,2026-06,2026-06-11 10:23:18
2026-06-30,アインズ,大名古屋ビルヂング店,YOU TOKYO,YOU TOKYO ヘアミルクパウチSW 10mL,6,0,2026-06,2026-06-11 10:23:18
2026-06-30,アインズ,大船店,YOU TOKYO,YOU TOKYO ヘアミルクパウチSW 10mL,5,0,2026-06,2026-06-11 10:23:18
2026-06-30,アインズ,グランデュオ立川店,YOU TOKYO,YOU TOKYO ヘアミルクパウチSW 10mL,9,0,2026-06,2026-06-11 10:23:18
2026-06-30,アインズ,福岡三越ラシック店,YOU TOKYO,YOU TOKYO ヘアミルクパウチSW 10mL,4,0,2026-06,2026-06-11 10:23:18
2026-06-30,アインズ,アミュプラザ鹿児島店,YOU TOKYO,YOU TOKYO ヘアミルクパウチSW 10mL,7,0,2026-06,2026-06-11 10:23:18
2026-06-30,アインズ,みなとみらい東急スクエア店,YOU TOKYO,YOU TOKYO ヘアミルクパウチSW 10mL,6,0,2026-06,2026-06-11 10:23:18
2026-06-30,アインズ,福岡天神西通り店,YOU TOKYO,YOU TOKYO ヘアミルクパウチSW 10mL,1,0,2026-06,2026-06-11 10:23:18
2026-06-30,アインズ,エキソアレ西神中央店,YOU TOKYO,YOU TOKYO ヘアミルクパウチSW 10mL,3,0,2026-06,2026-06-11 10:23:18
2026-06-30,アインズ,ららぽーと福岡店,YOU TOKYO,YOU TOKYO ヘアミルクパウチSW 10mL,9,0,2026-06,2026-06-11 10:23:18
2026-06-30,アインズ,カメイドクロック店,YOU TOKYO,YOU TOKYO ヘアミルクパウチSW 10mL,4,0,2026-06,2026-06-11 10:23:18
2026-06-30,アインズ,モザイクモール港北店,YOU TOKYO,YOU TOKYO ヘアミルクパウチSW 10mL,4,0,2026-06,2026-06-11 10:23:18
2026-06-30,アインズ,神戸元町店,YOU TOKYO,YOU TOKYO ヘアミルクパウチSW 10mL,7,0,2026-06,2026-06-11 10:23:18
2026-06-30,アインズ,二子玉川ライズＳ．Ｃ．店,YOU TOKYO,YOU TOKYO ヘアミルクパウチSW 10mL,3,0,2026-06,2026-06-11 10:23:18
2026-06-30,アインズ,セレオ国分寺店,YOU TOKYO,YOU TOKYO ヘアミルクパウチSW 10mL,4,0,2026-06,2026-06-11 10:23:18
2026-06-30,アインズ,シャポー小岩店,YOU TOKYO,YOU TOKYO ヘアミルクパウチSW 10mL,8,0,2026-06,2026-06-11 10:23:18
2026-06-30,アインズ,ココリア多摩センター店,YOU TOKYO,YOU TOKYO ヘアミルクパウチSW 10mL,2,0,2026-06,2026-06-11 10:23:18
2026-06-30,アインズ,ココノススキノ店,YOU TOKYO,YOU TOKYO ヘアミルクパウチSW 10mL,23,0,2026-06,2026-06-11 10:23:18
2026-06-30,アインズ,エキュート上野店,YOU TOKYO,YOU TOKYO ヘアミルクパウチSW 10mL,10,0,2026-06,2026-06-11 10:23:18
2026-06-30,アインズ,Ｃａｒｒｏｔ　Ｓｔ．ＳＡＮＣＨ,YOU TOKYO,YOU TOKYO ヘアミルクパウチSW 10mL,6,0,2026-06,2026-06-11 10:23:18
2026-06-30,アインズ,羽田空港第１ターミナル店,YOU TOKYO,YOU TOKYO ヘアミルクパウチSW 10mL,2,0,2026-06,2026-06-11 10:23:18
2026-06-30,アインズ,西武新宿ペペ店,YOU TOKYO,YOU TOKYO ヘアミルクパウチSW 10mL,10,0,2026-06,2026-06-11 10:23:18
2026-06-30,アインズ,シーナシーナ青森店,YOU TOKYO,YOU TOKYO ヘアミルクパウチSW 10mL,1,0,2026-06,2026-06-11 10:23:18
2026-06-30,アインズ,渋谷モディ店,YOU TOKYO,YOU TOKYO ヘアミルクパウチSW 10mL,4,0,2026-06,2026-06-11 10:23:18
2026-06-30,アインズ,シーナシーナ福住店,YOU TOKYO,YOU TOKYO ヘアミルクパウチSW 10mL,5,0,2026-06,2026-06-11 10:23:18
2026-06-30,アインズ,シーナシーナ弘前店,YOU TOKYO,YOU TOKYO ヘアミルクパウチSW 10mL,3,0,2026-06,2026-06-11 10:23:18
2026-06-30,アインズ,ヨークパーク郡山店,YOU TOKYO,YOU TOKYO ヘアミルクパウチSW 10mL,6,0,2026-06,2026-06-11 10:23:18
2026-06-30,アインズ,広島ＰＡＲＣＯ店,YOU TOKYO,YOU TOKYO ヘアミルクパウチSW 10mL,4,0,2026-06,2026-06-11 10:23:18
2026-06-30,アインズ,仙台ＰＡＲＣＯ１,YOU TOKYO,YOU TOKYO ヘアミルクパウチSW 10mL,3,0,2026-06,2026-06-11 10:23:18
2026-06-30,アインズ,エトモ中央林間店,YOU TOKYO,YOU TOKYO ヘアミルクパウチSW 10mL,8,0,2026-06,2026-06-11 10:23:18
2026-06-30,アインズ,アトレマルヒロ川越店,YOU TOKYO,YOU TOKYO ヘアミルクパウチSW 10mL,5,0,2026-06,2026-06-11 10:23:18
2026-06-30,アインズ,洛北阪急スクエア店,YOU TOKYO,YOU TOKYO ヘアミルクパウチSW 10mL,1,0,2026-06,2026-06-11 10:23:18
2026-06-30,アインズ,地下街店,YOU TOKYO,YOU TOKYO ヘアオイル ラヴィアンローズ,1,0,2026-06,2026-06-11 10:23:18
2026-06-30,アインズ,自由が丘,YOU TOKYO,YOU TOKYO ヘアオイル ラヴィアンローズ,1,0,2026-06,2026-06-11 10:23:18
2026-06-30,アインズ,大通ビッセ店,YOU TOKYO,YOU TOKYO ヘアオイル ラヴィアンローズ,2,0,2026-06,2026-06-11 10:23:18
2026-06-30,アインズ,東京駅店,YOU TOKYO,YOU TOKYO ヘアオイル ラヴィアンローズ,2,0,2026-06,2026-06-11 10:23:18
2026-06-30,アインズ,錦糸町マルイ店,YOU TOKYO,YOU TOKYO ヘアオイル ラヴィアンローズ,1,0,2026-06,2026-06-11 10:23:18
2026-06-30,アインズ,ル・トロワ店,YOU TOKYO,YOU TOKYO ヘアオイル ラヴィアンローズ,1,0,2026-06,2026-06-11 10:23:18
2026-06-30,アインズ,横浜ジョイナス店,YOU TOKYO,YOU TOKYO ヘアオイル ラヴィアンローズ,2,0,2026-06,2026-06-11 10:23:18
2026-06-30,アインズ,小田急百貨店町田店,YOU TOKYO,YOU TOKYO ヘアオイル ラヴィアンローズ,5,0,2026-06,2026-06-11 10:23:18
2026-06-30,アインズ,グランエミオ所沢店２Ｆ,YOU TOKYO,YOU TOKYO ヘアオイル ラヴィアンローズ,4,0,2026-06,2026-06-11 10:23:18
2026-06-30,アインズ,府中フォーリス店,YOU TOKYO,YOU TOKYO ヘアオイル ラヴィアンローズ,1,0,2026-06,2026-06-11 10:23:18
2026-06-30,アインズ,浅草ＲＯＸ店,YOU TOKYO,YOU TOKYO ヘアオイル ラヴィアンローズ,1,0,2026-06,2026-06-11 10:23:18
2026-06-30,アインズ,ペリエ千葉店,YOU TOKYO,YOU TOKYO ヘアオイル ラヴィアンローズ,1,0,2026-06,2026-06-11 10:23:18
2026-06-30,アインズ,栄セントラルパーク店,YOU TOKYO,YOU TOKYO ヘアオイル ラヴィアンローズ,2,0,2026-06,2026-06-11 10:23:18
2026-06-30,アインズ,ＬＩＮＫＳＵＭＥＤＡ店,YOU TOKYO,YOU TOKYO ヘアオイル ラヴィアンローズ,2,0,2026-06,2026-06-11 10:23:18
2026-06-30,アインズ,銀座インズ店,YOU TOKYO,YOU TOKYO ヘアオイル ラヴィアンローズ,3,0,2026-06,2026-06-11 10:23:18
2026-06-30,アインズ,博多マルイ店,YOU TOKYO,YOU TOKYO ヘアオイル ラヴィアンローズ,2,0,2026-06,2026-06-11 10:23:18
2026-06-30,アインズ,東急プラザ戸塚店,YOU TOKYO,YOU TOKYO ヘアオイル ラヴィアンローズ,2,0,2026-06,2026-06-11 10:23:18
2026-06-30,アインズ,光が丘ＩＭＡ店,YOU TOKYO,YOU TOKYO ヘアオイル ラヴィアンローズ,1,0,2026-06,2026-06-11 10:23:18
2026-06-30,アインズ,大船店,YOU TOKYO,YOU TOKYO ヘアオイル ラヴィアンローズ,1,0,2026-06,2026-06-11 10:23:18
2026-06-30,アインズ,神戸元町店,YOU TOKYO,YOU TOKYO ヘアオイル ラヴィアンローズ,1,0,2026-06,2026-06-11 10:23:18
2026-06-30,アインズ,二子玉川ライズＳ．Ｃ．店,YOU TOKYO,YOU TOKYO ヘアオイル ラヴィアンローズ,2,0,2026-06,2026-06-11 10:23:18
2026-06-30,アインズ,セレオ国分寺店,YOU TOKYO,YOU TOKYO ヘアオイル ラヴィアンローズ,3,0,2026-06,2026-06-11 10:23:18
2026-06-30,アインズ,Ｃａｒｒｏｔ　Ｓｔ．ＳＡＮＣＨ,YOU TOKYO,YOU TOKYO ヘアオイル ラヴィアンローズ,3,0,2026-06,2026-06-11 10:23:18
2026-06-30,アインズ,西武新宿ペペ店,YOU TOKYO,YOU TOKYO ヘアオイル ラヴィアンローズ,2,0,2026-06,2026-06-11 10:23:18
2026-06-30,アインズ,シーナシーナ青森店,YOU TOKYO,YOU TOKYO ヘアオイル ラヴィアンローズ,1,0,2026-06,2026-06-11 10:23:18
2026-06-30,アインズ,渋谷モディ店,YOU TOKYO,YOU TOKYO ヘアオイル ラヴィアンローズ,2,0,2026-06,2026-06-11 10:23:18
2026-06-30,アインズ,シーナシーナ福住店,YOU TOKYO,YOU TOKYO ヘアオイル ラヴィアンローズ,1,0,2026-06,2026-06-11 10:23:18
2026-06-30,アインズ,エトモ中央林間店,YOU TOKYO,YOU TOKYO ヘアオイル ラヴィアンローズ,4,0,2026-06,2026-06-11 10:23:18
2026-06-30,アインズ,月寒中央店,YOU TOKYO,YOU TOKYO ヘアミルクパウチ ラヴィアンローズ,1,0,2026-06,2026-06-11 10:23:18
2026-06-30,アインズ,麻生店,YOU TOKYO,YOU TOKYO ヘアミルクパウチ ラヴィアンローズ,1,0,2026-06,2026-06-11 10:23:18
2026-06-30,アインズ,琴似店,YOU TOKYO,YOU TOKYO ヘアミルクパウチ ラヴィアンローズ,3,0,2026-06,2026-06-11 10:23:18
2026-06-30,アインズ,地下街店,YOU TOKYO,YOU TOKYO ヘアミルクパウチ ラヴィアンローズ,6,0,2026-06,2026-06-11 10:23:18
2026-06-30,アインズ,宇都宮店,YOU TOKYO,YOU TOKYO ヘアミルクパウチ ラヴィアンローズ,5,0,2026-06,2026-06-11 10:23:18
2026-06-30,アインズ,川口店,YOU TOKYO,YOU TOKYO ヘアミルクパウチ ラヴィアンローズ,6,0,2026-06,2026-06-11 10:23:18
2026-06-30,アインズ,自由が丘,YOU TOKYO,YOU TOKYO ヘアミルクパウチ ラヴィアンローズ,6,0,2026-06,2026-06-11 10:23:18
2026-06-30,アインズ,大通ビッセ店,YOU TOKYO,YOU TOKYO ヘアミルクパウチ ラヴィアンローズ,4,0,2026-06,2026-06-11 10:23:18
2026-06-30,アインズ,東京駅店,YOU TOKYO,YOU TOKYO ヘアミルクパウチ ラヴィアンローズ,4,0,2026-06,2026-06-11 10:23:18
2026-06-30,アインズ,アリオ札幌店,YOU TOKYO,YOU TOKYO ヘアミルクパウチ ラヴィアンローズ,2,0,2026-06,2026-06-11 10:23:18
2026-06-30,アインズ,デュオ店,YOU TOKYO,YOU TOKYO ヘアミルクパウチ ラヴィアンローズ,4,0,2026-06,2026-06-11 10:23:18
2026-06-30,アインズ,錦糸町マルイ店,YOU TOKYO,YOU TOKYO ヘアミルクパウチ ラヴィアンローズ,9,0,2026-06,2026-06-11 10:23:18
2026-06-30,アインズ,ル・トロワ店,YOU TOKYO,YOU TOKYO ヘアミルクパウチ ラヴィアンローズ,2,0,2026-06,2026-06-11 10:23:18
2026-06-30,アインズ,新宿東口店,YOU TOKYO,YOU TOKYO ヘアミルクパウチ ラヴィアンローズ,6,0,2026-06,2026-06-11 10:23:18
2026-06-30,アインズ,北千住マルイ店,YOU TOKYO,YOU TOKYO ヘアミルクパウチ ラヴィアンローズ,5,0,2026-06,2026-06-11 10:23:18
2026-06-30,アインズ,コレットマーレ桜木町店,YOU TOKYO,YOU TOKYO ヘアミルクパウチ ラヴィアンローズ,3,0,2026-06,2026-06-11 10:23:18
2026-06-30,アインズ,横浜ジョイナス店,YOU TOKYO,YOU TOKYO ヘアミルクパウチ ラヴィアンローズ,9,0,2026-06,2026-06-11 10:23:18
2026-06-30,アインズ,小田急百貨店町田店,YOU TOKYO,YOU TOKYO ヘアミルクパウチ ラヴィアンローズ,9,0,2026-06,2026-06-11 10:23:18
2026-06-30,アインズ,グランエミオ所沢店２Ｆ,YOU TOKYO,YOU TOKYO ヘアミルクパウチ ラヴィアンローズ,5,0,2026-06,2026-06-11 10:23:18
2026-06-30,アインズ,草加ヴァリエ店,YOU TOKYO,YOU TOKYO ヘアミルクパウチ ラヴィアンローズ,6,0,2026-06,2026-06-11 10:23:18
2026-06-30,アインズ,浅草ＲＯＸ店,YOU TOKYO,YOU TOKYO ヘアミルクパウチ ラヴィアンローズ,4,0,2026-06,2026-06-11 10:23:18
2026-06-30,アインズ,ペリエ千葉店,YOU TOKYO,YOU TOKYO ヘアミルクパウチ ラヴィアンローズ,2,0,2026-06,2026-06-11 10:23:18
2026-06-30,アインズ,川崎ゼロゲート店,YOU TOKYO,YOU TOKYO ヘアミルクパウチ ラヴィアンローズ,1,0,2026-06,2026-06-11 10:23:18
2026-06-30,アインズ,栄セントラルパーク店,YOU TOKYO,YOU TOKYO ヘアミルクパウチ ラヴィアンローズ,4,0,2026-06,2026-06-11 10:23:18
2026-06-30,アインズ,大宮アルシェ店,YOU TOKYO,YOU TOKYO ヘアミルクパウチ ラヴィアンローズ,1,0,2026-06,2026-06-11 10:23:18
2026-06-30,アインズ,ＬＩＮＫＳＵＭＥＤＡ店,YOU TOKYO,YOU TOKYO ヘアミルクパウチ ラヴィアンローズ,8,0,2026-06,2026-06-11 10:23:18
2026-06-30,アインズ,銀座インズ店,YOU TOKYO,YOU TOKYO ヘアミルクパウチ ラヴィアンローズ,2,0,2026-06,2026-06-11 10:23:18
2026-06-30,アインズ,博多マルイ店,YOU TOKYO,YOU TOKYO ヘアミルクパウチ ラヴィアンローズ,1,0,2026-06,2026-06-11 10:23:18
2026-06-30,アインズ,東急プラザ戸塚店,YOU TOKYO,YOU TOKYO ヘアミルクパウチ ラヴィアンローズ,6,0,2026-06,2026-06-11 10:23:18
2026-06-30,アインズ,札幌国際ビル店,YOU TOKYO,YOU TOKYO ヘアミルクパウチ ラヴィアンローズ,5,0,2026-06,2026-06-11 10:23:18
2026-06-30,アインズ,光が丘ＩＭＡ店,YOU TOKYO,YOU TOKYO ヘアミルクパウチ ラヴィアンローズ,1,0,2026-06,2026-06-11 10:23:18
2026-06-30,アインズ,大名古屋ビルヂング店,YOU TOKYO,YOU TOKYO ヘアミルクパウチ ラヴィアンローズ,4,0,2026-06,2026-06-11 10:23:18
2026-06-30,アインズ,大船店,YOU TOKYO,YOU TOKYO ヘアミルクパウチ ラヴィアンローズ,5,0,2026-06,2026-06-11 10:23:18
2026-06-30,アインズ,グランデュオ立川店,YOU TOKYO,YOU TOKYO ヘアミルクパウチ ラヴィアンローズ,5,0,2026-06,2026-06-11 10:23:18
2026-06-30,アインズ,福岡三越ラシック店,YOU TOKYO,YOU TOKYO ヘアミルクパウチ ラヴィアンローズ,2,0,2026-06,2026-06-11 10:23:18
2026-06-30,アインズ,アミュプラザ鹿児島店,YOU TOKYO,YOU TOKYO ヘアミルクパウチ ラヴィアンローズ,2,0,2026-06,2026-06-11 10:23:18
2026-06-30,アインズ,みなとみらい東急スクエア店,YOU TOKYO,YOU TOKYO ヘアミルクパウチ ラヴィアンローズ,4,0,2026-06,2026-06-11 10:23:18
2026-06-30,アインズ,福岡天神西通り店,YOU TOKYO,YOU TOKYO ヘアミルクパウチ ラヴィアンローズ,2,0,2026-06,2026-06-11 10:23:18
2026-06-30,アインズ,エキソアレ西神中央店,YOU TOKYO,YOU TOKYO ヘアミルクパウチ ラヴィアンローズ,1,0,2026-06,2026-06-11 10:23:18
2026-06-30,アインズ,センテラス天文館店,YOU TOKYO,YOU TOKYO ヘアミルクパウチ ラヴィアンローズ,1,0,2026-06,2026-06-11 10:23:18
2026-06-30,アインズ,ららぽーと福岡店,YOU TOKYO,YOU TOKYO ヘアミルクパウチ ラヴィアンローズ,4,0,2026-06,2026-06-11 10:23:18
2026-06-30,アインズ,カメイドクロック店,YOU TOKYO,YOU TOKYO ヘアミルクパウチ ラヴィアンローズ,1,0,2026-06,2026-06-11 10:23:18
2026-06-30,アインズ,モザイクモール港北店,YOU TOKYO,YOU TOKYO ヘアミルクパウチ ラヴィアンローズ,2,0,2026-06,2026-06-11 10:23:18
2026-06-30,アインズ,神戸元町店,YOU TOKYO,YOU TOKYO ヘアミルクパウチ ラヴィアンローズ,7,0,2026-06,2026-06-11 10:23:18
2026-06-30,アインズ,二子玉川ライズＳ．Ｃ．店,YOU TOKYO,YOU TOKYO ヘアミルクパウチ ラヴィアンローズ,3,0,2026-06,2026-06-11 10:23:18
2026-06-30,アインズ,セレオ国分寺店,YOU TOKYO,YOU TOKYO ヘアミルクパウチ ラヴィアンローズ,2,0,2026-06,2026-06-11 10:23:18
2026-06-30,アインズ,シャポー小岩店,YOU TOKYO,YOU TOKYO ヘアミルクパウチ ラヴィアンローズ,5,0,2026-06,2026-06-11 10:23:18
2026-06-30,アインズ,ココリア多摩センター店,YOU TOKYO,YOU TOKYO ヘアミルクパウチ ラヴィアンローズ,3,0,2026-06,2026-06-11 10:23:18
2026-06-30,アインズ,ココノススキノ店,YOU TOKYO,YOU TOKYO ヘアミルクパウチ ラヴィアンローズ,8,0,2026-06,2026-06-11 10:23:18
2026-06-30,アインズ,エキュート上野店,YOU TOKYO,YOU TOKYO ヘアミルクパウチ ラヴィアンローズ,8,0,2026-06,2026-06-11 10:23:18
2026-06-30,アインズ,Ｃａｒｒｏｔ　Ｓｔ．ＳＡＮＣＨ,YOU TOKYO,YOU TOKYO ヘアミルクパウチ ラヴィアンローズ,2,0,2026-06,2026-06-11 10:23:18
2026-06-30,アインズ,羽田空港第１ターミナル店,YOU TOKYO,YOU TOKYO ヘアミルクパウチ ラヴィアンローズ,2,0,2026-06,2026-06-11 10:23:18
2026-06-30,アインズ,西武新宿ペペ店,YOU TOKYO,YOU TOKYO ヘアミルクパウチ ラヴィアンローズ,10,0,2026-06,2026-06-11 10:23:18
2026-06-30,アインズ,シーナシーナ青森店,YOU TOKYO,YOU TOKYO ヘアミルクパウチ ラヴィアンローズ,2,0,2026-06,2026-06-11 10:23:18
2026-06-30,アインズ,渋谷モディ店,YOU TOKYO,YOU TOKYO ヘアミルクパウチ ラヴィアンローズ,5,0,2026-06,2026-06-11 10:23:18
2026-06-30,アインズ,シーナシーナ福住店,YOU TOKYO,YOU TOKYO ヘアミルクパウチ ラヴィアンローズ,1,0,2026-06,2026-06-11 10:23:18
2026-06-30,アインズ,シーナシーナ弘前店,YOU TOKYO,YOU TOKYO ヘアミルクパウチ ラヴィアンローズ,1,0,2026-06,2026-06-11 10:23:18
2026-06-30,アインズ,ヨークパーク郡山店,YOU TOKYO,YOU TOKYO ヘアミルクパウチ ラヴィアンローズ,7,0,2026-06,2026-06-11 10:23:18
2026-06-30,アインズ,仙台ＰＡＲＣＯ１,YOU TOKYO,YOU TOKYO ヘアミルクパウチ ラヴィアンローズ,1,0,2026-06,2026-06-11 10:23:18
2026-06-30,アインズ,ビーンズ保土ヶ谷店,YOU TOKYO,YOU TOKYO ヘアミルクパウチ ラヴィアンローズ,2,0,2026-06,2026-06-11 10:23:18
2026-06-30,アインズ,エトモ中央林間店,YOU TOKYO,YOU TOKYO ヘアミルクパウチ ラヴィアンローズ,3,0,2026-06,2026-06-11 10:23:18
2026-06-30,アインズ,アトレマルヒロ川越店,YOU TOKYO,YOU TOKYO ヘアミルクパウチ ラヴィアンローズ,7,0,2026-06,2026-06-11 10:23:18
2026-06-30,アインズ,月寒中央店,YOU TOKYO,YOU TOKYO ヘアオイルパウチ ラヴィアンローズ,2,0,2026-06,2026-06-11 10:23:18
2026-06-30,アインズ,琴似店,YOU TOKYO,YOU TOKYO ヘアオイルパウチ ラヴィアンローズ,1,0,2026-06,2026-06-11 10:23:18
2026-06-30,アインズ,地下街店,YOU TOKYO,YOU TOKYO ヘアオイルパウチ ラヴィアンローズ,2,0,2026-06,2026-06-11 10:23:18
2026-06-30,アインズ,宇都宮店,YOU TOKYO,YOU TOKYO ヘアオイルパウチ ラヴィアンローズ,1,0,2026-06,2026-06-11 10:23:18
2026-06-30,アインズ,川口店,YOU TOKYO,YOU TOKYO ヘアオイルパウチ ラヴィアンローズ,3,0,2026-06,2026-06-11 10:23:18
2026-06-30,アインズ,自由が丘,YOU TOKYO,YOU TOKYO ヘアオイルパウチ ラヴィアンローズ,2,0,2026-06,2026-06-11 10:23:18
2026-06-30,アインズ,東京駅店,YOU TOKYO,YOU TOKYO ヘアオイルパウチ ラヴィアンローズ,4,0,2026-06,2026-06-11 10:23:18
2026-06-30,アインズ,宮の沢駅店,YOU TOKYO,YOU TOKYO ヘアオイルパウチ ラヴィアンローズ,1,0,2026-06,2026-06-11 10:23:18
2026-06-30,アインズ,アリオ札幌店,YOU TOKYO,YOU TOKYO ヘアオイルパウチ ラヴィアンローズ,2,0,2026-06,2026-06-11 10:23:18
2026-06-30,アインズ,デュオ店,YOU TOKYO,YOU TOKYO ヘアオイルパウチ ラヴィアンローズ,1,0,2026-06,2026-06-11 10:23:18
2026-06-30,アインズ,錦糸町マルイ店,YOU TOKYO,YOU TOKYO ヘアオイルパウチ ラヴィアンローズ,4,0,2026-06,2026-06-11 10:23:18
2026-06-30,アインズ,ル・トロワ店,YOU TOKYO,YOU TOKYO ヘアオイルパウチ ラヴィアンローズ,1,0,2026-06,2026-06-11 10:23:18
2026-06-30,アインズ,新宿東口店,YOU TOKYO,YOU TOKYO ヘアオイルパウチ ラヴィアンローズ,7,0,2026-06,2026-06-11 10:23:18
2026-06-30,アインズ,北千住マルイ店,YOU TOKYO,YOU TOKYO ヘアオイルパウチ ラヴィアンローズ,1,0,2026-06,2026-06-11 10:23:18
2026-06-30,アインズ,コレットマーレ桜木町店,YOU TOKYO,YOU TOKYO ヘアオイルパウチ ラヴィアンローズ,1,0,2026-06,2026-06-11 10:23:18
2026-06-30,アインズ,横浜ジョイナス店,YOU TOKYO,YOU TOKYO ヘアオイルパウチ ラヴィアンローズ,9,0,2026-06,2026-06-11 10:23:18
2026-06-30,アインズ,小田急百貨店町田店,YOU TOKYO,YOU TOKYO ヘアオイルパウチ ラヴィアンローズ,9,0,2026-06,2026-06-11 10:23:18
2026-06-30,アインズ,グランエミオ所沢店２Ｆ,YOU TOKYO,YOU TOKYO ヘアオイルパウチ ラヴィアンローズ,1,0,2026-06,2026-06-11 10:23:18
2026-06-30,アインズ,草加ヴァリエ店,YOU TOKYO,YOU TOKYO ヘアオイルパウチ ラヴィアンローズ,2,0,2026-06,2026-06-11 10:23:18
2026-06-30,アインズ,府中フォーリス店,YOU TOKYO,YOU TOKYO ヘアオイルパウチ ラヴィアンローズ,1,0,2026-06,2026-06-11 10:23:18
2026-06-30,アインズ,梅田ヘップファイブ店,YOU TOKYO,YOU TOKYO ヘアオイルパウチ ラヴィアンローズ,3,0,2026-06,2026-06-11 10:23:18
2026-06-30,アインズ,浅草ＲＯＸ店,YOU TOKYO,YOU TOKYO ヘアオイルパウチ ラヴィアンローズ,2,0,2026-06,2026-06-11 10:23:18
2026-06-30,アインズ,ペリエ千葉店,YOU TOKYO,YOU TOKYO ヘアオイルパウチ ラヴィアンローズ,1,0,2026-06,2026-06-11 10:23:18
2026-06-30,アインズ,川崎ゼロゲート店,YOU TOKYO,YOU TOKYO ヘアオイルパウチ ラヴィアンローズ,1,0,2026-06,2026-06-11 10:23:18
2026-06-30,アインズ,栄セントラルパーク店,YOU TOKYO,YOU TOKYO ヘアオイルパウチ ラヴィアンローズ,4,0,2026-06,2026-06-11 10:23:18
2026-06-30,アインズ,ＬＩＮＫＳＵＭＥＤＡ店,YOU TOKYO,YOU TOKYO ヘアオイルパウチ ラヴィアンローズ,3,0,2026-06,2026-06-11 10:23:18
2026-06-30,アインズ,銀座インズ店,YOU TOKYO,YOU TOKYO ヘアオイルパウチ ラヴィアンローズ,1,0,2026-06,2026-06-11 10:23:18
2026-06-30,アインズ,東急プラザ戸塚店,YOU TOKYO,YOU TOKYO ヘアオイルパウチ ラヴィアンローズ,3,0,2026-06,2026-06-11 10:23:18
2026-06-30,アインズ,札幌国際ビル店,YOU TOKYO,YOU TOKYO ヘアオイルパウチ ラヴィアンローズ,2,0,2026-06,2026-06-11 10:23:18
2026-06-30,アインズ,光が丘ＩＭＡ店,YOU TOKYO,YOU TOKYO ヘアオイルパウチ ラヴィアンローズ,2,0,2026-06,2026-06-11 10:23:18
2026-06-30,アインズ,大名古屋ビルヂング店,YOU TOKYO,YOU TOKYO ヘアオイルパウチ ラヴィアンローズ,1,0,2026-06,2026-06-11 10:23:18
2026-06-30,アインズ,大船店,YOU TOKYO,YOU TOKYO ヘアオイルパウチ ラヴィアンローズ,1,0,2026-06,2026-06-11 10:23:18
2026-06-30,アインズ,グランデュオ立川店,YOU TOKYO,YOU TOKYO ヘアオイルパウチ ラヴィアンローズ,2,0,2026-06,2026-06-11 10:23:18
2026-06-30,アインズ,福岡三越ラシック店,YOU TOKYO,YOU TOKYO ヘアオイルパウチ ラヴィアンローズ,3,0,2026-06,2026-06-11 10:23:18
2026-06-30,アインズ,みなとみらい東急スクエア店,YOU TOKYO,YOU TOKYO ヘアオイルパウチ ラヴィアンローズ,1,0,2026-06,2026-06-11 10:23:18
2026-06-30,アインズ,福岡天神西通り店,YOU TOKYO,YOU TOKYO ヘアオイルパウチ ラヴィアンローズ,3,0,2026-06,2026-06-11 10:23:18
2026-06-30,アインズ,センテラス天文館店,YOU TOKYO,YOU TOKYO ヘアオイルパウチ ラヴィアンローズ,2,0,2026-06,2026-06-11 10:23:18
2026-06-30,アインズ,ららぽーと福岡店,YOU TOKYO,YOU TOKYO ヘアオイルパウチ ラヴィアンローズ,4,0,2026-06,2026-06-11 10:23:18
2026-06-30,アインズ,モザイクモール港北店,YOU TOKYO,YOU TOKYO ヘアオイルパウチ ラヴィアンローズ,1,0,2026-06,2026-06-11 10:23:18
2026-06-30,アインズ,神戸元町店,YOU TOKYO,YOU TOKYO ヘアオイルパウチ ラヴィアンローズ,4,0,2026-06,2026-06-11 10:23:18
2026-06-30,アインズ,二子玉川ライズＳ．Ｃ．店,YOU TOKYO,YOU TOKYO ヘアオイルパウチ ラヴィアンローズ,3,0,2026-06,2026-06-11 10:23:18
2026-06-30,アインズ,セレオ国分寺店,YOU TOKYO,YOU TOKYO ヘアオイルパウチ ラヴィアンローズ,1,0,2026-06,2026-06-11 10:23:18
2026-06-30,アインズ,シャポー小岩店,YOU TOKYO,YOU TOKYO ヘアオイルパウチ ラヴィアンローズ,5,0,2026-06,2026-06-11 10:23:18
2026-06-30,アインズ,ココリア多摩センター店,YOU TOKYO,YOU TOKYO ヘアオイルパウチ ラヴィアンローズ,3,0,2026-06,2026-06-11 10:23:18
2026-06-30,アインズ,ココノススキノ店,YOU TOKYO,YOU TOKYO ヘアオイルパウチ ラヴィアンローズ,7,0,2026-06,2026-06-11 10:23:18
2026-06-30,アインズ,エキュート上野店,YOU TOKYO,YOU TOKYO ヘアオイルパウチ ラヴィアンローズ,6,0,2026-06,2026-06-11 10:23:18
2026-06-30,アインズ,Ｃａｒｒｏｔ　Ｓｔ．ＳＡＮＣＨ,YOU TOKYO,YOU TOKYO ヘアオイルパウチ ラヴィアンローズ,3,0,2026-06,2026-06-11 10:23:18
2026-06-30,アインズ,西武新宿ペペ店,YOU TOKYO,YOU TOKYO ヘアオイルパウチ ラヴィアンローズ,5,0,2026-06,2026-06-11 10:23:18
2026-06-30,アインズ,シーナシーナ青森店,YOU TOKYO,YOU TOKYO ヘアオイルパウチ ラヴィアンローズ,1,0,2026-06,2026-06-11 10:23:18
2026-06-30,アインズ,渋谷モディ店,YOU TOKYO,YOU TOKYO ヘアオイルパウチ ラヴィアンローズ,2,0,2026-06,2026-06-11 10:23:18
2026-06-30,アインズ,ヨークパーク郡山店,YOU TOKYO,YOU TOKYO ヘアオイルパウチ ラヴィアンローズ,2,0,2026-06,2026-06-11 10:23:18
2026-06-30,アインズ,仙台ＰＡＲＣＯ１,YOU TOKYO,YOU TOKYO ヘアオイルパウチ ラヴィアンローズ,1,0,2026-06,2026-06-11 10:23:18
2026-06-30,アインズ,ビーンズ保土ヶ谷店,YOU TOKYO,YOU TOKYO ヘアオイルパウチ ラヴィアンローズ,2,0,2026-06,2026-06-11 10:23:18
2026-06-30,アインズ,エトモ中央林間店,YOU TOKYO,YOU TOKYO ヘアオイルパウチ ラヴィアンローズ,4,0,2026-06,2026-06-11 10:23:18
2026-06-30,アインズ,アトレマルヒロ川越店,YOU TOKYO,YOU TOKYO ヘアオイルパウチ ラヴィアンローズ,2,0,2026-06,2026-06-11 10:23:18
2026-06-30,アインズ,月寒中央店,YOU TOKYO,YOU TOKYO ヘアオイルパウチ ピュルデサボン,2,0,2026-06,2026-06-11 10:23:18
2026-06-30,アインズ,琴似店,YOU TOKYO,YOU TOKYO ヘアオイルパウチ ピュルデサボン,2,0,2026-06,2026-06-11 10:23:18
2026-06-30,アインズ,地下街店,YOU TOKYO,YOU TOKYO ヘアオイルパウチ ピュルデサボン,5,0,2026-06,2026-06-11 10:23:18
2026-06-30,アインズ,宇都宮店,YOU TOKYO,YOU TOKYO ヘアオイルパウチ ピュルデサボン,4,0,2026-06,2026-06-11 10:23:18
2026-06-30,アインズ,川口店,YOU TOKYO,YOU TOKYO ヘアオイルパウチ ピュルデサボン,6,0,2026-06,2026-06-11 10:23:18
2026-06-30,アインズ,自由が丘,YOU TOKYO,YOU TOKYO ヘアオイルパウチ ピュルデサボン,1,0,2026-06,2026-06-11 10:23:18
2026-06-30,アインズ,大通ビッセ店,YOU TOKYO,YOU TOKYO ヘアオイルパウチ ピュルデサボン,2,0,2026-06,2026-06-11 10:23:18
2026-06-30,アインズ,東京駅店,YOU TOKYO,YOU TOKYO ヘアオイルパウチ ピュルデサボン,6,0,2026-06,2026-06-11 10:23:18
2026-06-30,アインズ,宮の沢駅店,YOU TOKYO,YOU TOKYO ヘアオイルパウチ ピュルデサボン,3,0,2026-06,2026-06-11 10:23:18
2026-06-30,アインズ,アリオ札幌店,YOU TOKYO,YOU TOKYO ヘアオイルパウチ ピュルデサボン,4,0,2026-06,2026-06-11 10:23:18
2026-06-30,アインズ,デュオ店,YOU TOKYO,YOU TOKYO ヘアオイルパウチ ピュルデサボン,2,0,2026-06,2026-06-11 10:23:18
2026-06-30,アインズ,錦糸町マルイ店,YOU TOKYO,YOU TOKYO ヘアオイルパウチ ピュルデサボン,4,0,2026-06,2026-06-11 10:23:18
2026-06-30,アインズ,ル・トロワ店,YOU TOKYO,YOU TOKYO ヘアオイルパウチ ピュルデサボン,5,0,2026-06,2026-06-11 10:23:18
2026-06-30,アインズ,新宿東口店,YOU TOKYO,YOU TOKYO ヘアオイルパウチ ピュルデサボン,10,0,2026-06,2026-06-11 10:23:18
2026-06-30,アインズ,北千住マルイ店,YOU TOKYO,YOU TOKYO ヘアオイルパウチ ピュルデサボン,11,0,2026-06,2026-06-11 10:23:18
2026-06-30,アインズ,コレットマーレ桜木町店,YOU TOKYO,YOU TOKYO ヘアオイルパウチ ピュルデサボン,4,0,2026-06,2026-06-11 10:23:18
2026-06-30,アインズ,横浜ジョイナス店,YOU TOKYO,YOU TOKYO ヘアオイルパウチ ピュルデサボン,10,0,2026-06,2026-06-11 10:23:18
2026-06-30,アインズ,小田急百貨店町田店,YOU TOKYO,YOU TOKYO ヘアオイルパウチ ピュルデサボン,9,0,2026-06,2026-06-11 10:23:18
2026-06-30,アインズ,グランエミオ所沢店２Ｆ,YOU TOKYO,YOU TOKYO ヘアオイルパウチ ピュルデサボン,8,0,2026-06,2026-06-11 10:23:18
2026-06-30,アインズ,草加ヴァリエ店,YOU TOKYO,YOU TOKYO ヘアオイルパウチ ピュルデサボン,3,0,2026-06,2026-06-11 10:23:18
2026-06-30,アインズ,府中フォーリス店,YOU TOKYO,YOU TOKYO ヘアオイルパウチ ピュルデサボン,2,0,2026-06,2026-06-11 10:23:18
2026-06-30,アインズ,梅田ヘップファイブ店,YOU TOKYO,YOU TOKYO ヘアオイルパウチ ピュルデサボン,1,0,2026-06,2026-06-11 10:23:18
2026-06-30,アインズ,浅草ＲＯＸ店,YOU TOKYO,YOU TOKYO ヘアオイルパウチ ピュルデサボン,1,0,2026-06,2026-06-11 10:23:18
2026-06-30,アインズ,ペリエ千葉店,YOU TOKYO,YOU TOKYO ヘアオイルパウチ ピュルデサボン,4,0,2026-06,2026-06-11 10:23:18
2026-06-30,アインズ,川崎ゼロゲート店,YOU TOKYO,YOU TOKYO ヘアオイルパウチ ピュルデサボン,1,0,2026-06,2026-06-11 10:23:18
2026-06-30,アインズ,栄セントラルパーク店,YOU TOKYO,YOU TOKYO ヘアオイルパウチ ピュルデサボン,3,0,2026-06,2026-06-11 10:23:18
2026-06-30,アインズ,大宮アルシェ店,YOU TOKYO,YOU TOKYO ヘアオイルパウチ ピュルデサボン,5,0,2026-06,2026-06-11 10:23:18
2026-06-30,アインズ,ＬＩＮＫＳＵＭＥＤＡ店,YOU TOKYO,YOU TOKYO ヘアオイルパウチ ピュルデサボン,7,0,2026-06,2026-06-11 10:23:18
2026-06-30,アインズ,銀座インズ店,YOU TOKYO,YOU TOKYO ヘアオイルパウチ ピュルデサボン,6,0,2026-06,2026-06-11 10:23:18
2026-06-30,アインズ,博多マルイ店,YOU TOKYO,YOU TOKYO ヘアオイルパウチ ピュルデサボン,1,0,2026-06,2026-06-11 10:23:18
2026-06-30,アインズ,東急プラザ戸塚店,YOU TOKYO,YOU TOKYO ヘアオイルパウチ ピュルデサボン,6,0,2026-06,2026-06-11 10:23:18
2026-06-30,アインズ,札幌国際ビル店,YOU TOKYO,YOU TOKYO ヘアオイルパウチ ピュルデサボン,10,0,2026-06,2026-06-11 10:23:18
2026-06-30,アインズ,光が丘ＩＭＡ店,YOU TOKYO,YOU TOKYO ヘアオイルパウチ ピュルデサボン,2,0,2026-06,2026-06-11 10:23:18
2026-06-30,アインズ,大名古屋ビルヂング店,YOU TOKYO,YOU TOKYO ヘアオイルパウチ ピュルデサボン,5,0,2026-06,2026-06-11 10:23:18
2026-06-30,アインズ,大船店,YOU TOKYO,YOU TOKYO ヘアオイルパウチ ピュルデサボン,5,0,2026-06,2026-06-11 10:23:18
2026-06-30,アインズ,グランデュオ立川店,YOU TOKYO,YOU TOKYO ヘアオイルパウチ ピュルデサボン,5,0,2026-06,2026-06-11 10:23:18
2026-06-30,アインズ,福岡三越ラシック店,YOU TOKYO,YOU TOKYO ヘアオイルパウチ ピュルデサボン,2,0,2026-06,2026-06-11 10:23:18
2026-06-30,アインズ,アミュプラザ鹿児島店,YOU TOKYO,YOU TOKYO ヘアオイルパウチ ピュルデサボン,1,0,2026-06,2026-06-11 10:23:18
2026-06-30,アインズ,みなとみらい東急スクエア店,YOU TOKYO,YOU TOKYO ヘアオイルパウチ ピュルデサボン,3,0,2026-06,2026-06-11 10:23:18
2026-06-30,アインズ,福岡天神西通り店,YOU TOKYO,YOU TOKYO ヘアオイルパウチ ピュルデサボン,3,0,2026-06,2026-06-11 10:23:18
2026-06-30,アインズ,エキソアレ西神中央店,YOU TOKYO,YOU TOKYO ヘアオイルパウチ ピュルデサボン,2,0,2026-06,2026-06-11 10:23:18
2026-06-30,アインズ,ららぽーと福岡店,YOU TOKYO,YOU TOKYO ヘアオイルパウチ ピュルデサボン,6,0,2026-06,2026-06-11 10:23:18
2026-06-30,アインズ,カメイドクロック店,YOU TOKYO,YOU TOKYO ヘアオイルパウチ ピュルデサボン,1,0,2026-06,2026-06-11 10:23:18
2026-06-30,アインズ,モザイクモール港北店,YOU TOKYO,YOU TOKYO ヘアオイルパウチ ピュルデサボン,4,0,2026-06,2026-06-11 10:23:18
2026-06-30,アインズ,神戸元町店,YOU TOKYO,YOU TOKYO ヘアオイルパウチ ピュルデサボン,8,0,2026-06,2026-06-11 10:23:18
2026-06-30,アインズ,二子玉川ライズＳ．Ｃ．店,YOU TOKYO,YOU TOKYO ヘアオイルパウチ ピュルデサボン,2,0,2026-06,2026-06-11 10:23:18
2026-06-30,アインズ,セレオ国分寺店,YOU TOKYO,YOU TOKYO ヘアオイルパウチ ピュルデサボン,2,0,2026-06,2026-06-11 10:23:18
2026-06-30,アインズ,シャポー小岩店,YOU TOKYO,YOU TOKYO ヘアオイルパウチ ピュルデサボン,10,0,2026-06,2026-06-11 10:23:18
2026-06-30,アインズ,ココリア多摩センター店,YOU TOKYO,YOU TOKYO ヘアオイルパウチ ピュルデサボン,1,0,2026-06,2026-06-11 10:23:18
2026-06-30,アインズ,ココノススキノ店,YOU TOKYO,YOU TOKYO ヘアオイルパウチ ピュルデサボン,10,0,2026-06,2026-06-11 10:23:18
2026-06-30,アインズ,エキュート上野店,YOU TOKYO,YOU TOKYO ヘアオイルパウチ ピュルデサボン,6,0,2026-06,2026-06-11 10:23:18
2026-06-30,アインズ,Ｃａｒｒｏｔ　Ｓｔ．ＳＡＮＣＨ,YOU TOKYO,YOU TOKYO ヘアオイルパウチ ピュルデサボン,4,0,2026-06,2026-06-11 10:23:18
2026-06-30,アインズ,羽田空港第１ターミナル店,YOU TOKYO,YOU TOKYO ヘアオイルパウチ ピュルデサボン,3,0,2026-06,2026-06-11 10:23:18
2026-06-30,アインズ,西武新宿ペペ店,YOU TOKYO,YOU TOKYO ヘアオイルパウチ ピュルデサボン,4,0,2026-06,2026-06-11 10:23:18
2026-06-30,アインズ,シーナシーナ青森店,YOU TOKYO,YOU TOKYO ヘアオイルパウチ ピュルデサボン,1,0,2026-06,2026-06-11 10:23:18
2026-06-30,アインズ,渋谷モディ店,YOU TOKYO,YOU TOKYO ヘアオイルパウチ ピュルデサボン,1,0,2026-06,2026-06-11 10:23:18
2026-06-30,アインズ,シーナシーナ福住店,YOU TOKYO,YOU TOKYO ヘアオイルパウチ ピュルデサボン,1,0,2026-06,2026-06-11 10:23:18
2026-06-30,アインズ,ヨークパーク郡山店,YOU TOKYO,YOU TOKYO ヘアオイルパウチ ピュルデサボン,2,0,2026-06,2026-06-11 10:23:18
2026-06-30,アインズ,広島ＰＡＲＣＯ店,YOU TOKYO,YOU TOKYO ヘアオイルパウチ ピュルデサボン,4,0,2026-06,2026-06-11 10:23:18
2026-06-30,アインズ,仙台ＰＡＲＣＯ１,YOU TOKYO,YOU TOKYO ヘアオイルパウチ ピュルデサボン,1,0,2026-06,2026-06-11 10:23:18
2026-06-30,アインズ,エトモ中央林間店,YOU TOKYO,YOU TOKYO ヘアオイルパウチ ピュルデサボン,2,0,2026-06,2026-06-11 10:23:18
2026-06-30,アインズ,アトレマルヒロ川越店,YOU TOKYO,YOU TOKYO ヘアオイルパウチ ピュルデサボン,1,0,2026-06,2026-06-11 10:23:18
2026-06-30,アインズ,ららぽーと福岡店,レチスパ,レチスパ ヘアオイル 100mL,2,0,2026-06,2026-06-11 10:23:18
2026-06-30,アインズ,西武新宿ペペ店,レチスパ,レチスパ ヘアオイル 100mL,3,0,2026-06,2026-06-11 10:23:18
2026-06-30,アインズ,月寒中央店,YOU TOKYO,YOU TOKYO ヘアオイルBS 30mL,1,0,2026-06,2026-06-11 10:23:18
2026-06-30,アインズ,琴似店,YOU TOKYO,YOU TOKYO ヘアオイルBS 30mL,1,0,2026-06,2026-06-11 10:23:18
2026-06-30,アインズ,地下街店,YOU TOKYO,YOU TOKYO ヘアオイルBS 30mL,2,0,2026-06,2026-06-11 10:23:18
2026-06-30,アインズ,宇都宮店,YOU TOKYO,YOU TOKYO ヘアオイルBS 30mL,2,0,2026-06,2026-06-11 10:23:18
2026-06-30,アインズ,マルヤマクラス店,YOU TOKYO,YOU TOKYO ヘアオイルBS 30mL,1,0,2026-06,2026-06-11 10:23:18
2026-06-30,アインズ,大通ビッセ店,YOU TOKYO,YOU TOKYO ヘアオイルBS 30mL,2,0,2026-06,2026-06-11 10:23:18
2026-06-30,アインズ,東京駅店,YOU TOKYO,YOU TOKYO ヘアオイルBS 30mL,2,0,2026-06,2026-06-11 10:23:18
2026-06-30,アインズ,宮の沢駅店,YOU TOKYO,YOU TOKYO ヘアオイルBS 30mL,1,0,2026-06,2026-06-11 10:23:18
2026-06-30,アインズ,デュオ店,YOU TOKYO,YOU TOKYO ヘアオイルBS 30mL,2,0,2026-06,2026-06-11 10:23:18
2026-06-30,アインズ,錦糸町マルイ店,YOU TOKYO,YOU TOKYO ヘアオイルBS 30mL,2,0,2026-06,2026-06-11 10:23:18
2026-06-30,アインズ,ル・トロワ店,YOU TOKYO,YOU TOKYO ヘアオイルBS 30mL,1,0,2026-06,2026-06-11 10:23:18
2026-06-30,アインズ,新宿東口店,YOU TOKYO,YOU TOKYO ヘアオイルBS 30mL,2,0,2026-06,2026-06-11 10:23:18
2026-06-30,アインズ,北千住マルイ店,YOU TOKYO,YOU TOKYO ヘアオイルBS 30mL,3,0,2026-06,2026-06-11 10:23:18
2026-06-30,アインズ,コレットマーレ桜木町店,YOU TOKYO,YOU TOKYO ヘアオイルBS 30mL,2,0,2026-06,2026-06-11 10:23:18
2026-06-30,アインズ,横浜ジョイナス店,YOU TOKYO,YOU TOKYO ヘアオイルBS 30mL,1,0,2026-06,2026-06-11 10:23:18
2026-06-30,アインズ,小田急百貨店町田店,YOU TOKYO,YOU TOKYO ヘアオイルBS 30mL,3,0,2026-06,2026-06-11 10:23:18
2026-06-30,アインズ,グランエミオ所沢店２Ｆ,YOU TOKYO,YOU TOKYO ヘアオイルBS 30mL,2,0,2026-06,2026-06-11 10:23:18
2026-06-30,アインズ,府中フォーリス店,YOU TOKYO,YOU TOKYO ヘアオイルBS 30mL,3,0,2026-06,2026-06-11 10:23:18
2026-06-30,アインズ,梅田ヘップファイブ店,YOU TOKYO,YOU TOKYO ヘアオイルBS 30mL,1,0,2026-06,2026-06-11 10:23:18
2026-06-30,アインズ,浅草ＲＯＸ店,YOU TOKYO,YOU TOKYO ヘアオイルBS 30mL,2,0,2026-06,2026-06-11 10:23:18
2026-06-30,アインズ,ペリエ千葉店,YOU TOKYO,YOU TOKYO ヘアオイルBS 30mL,6,0,2026-06,2026-06-11 10:23:18
2026-06-30,アインズ,栄セントラルパーク店,YOU TOKYO,YOU TOKYO ヘアオイルBS 30mL,2,0,2026-06,2026-06-11 10:23:18
2026-06-30,アインズ,大宮アルシェ店,YOU TOKYO,YOU TOKYO ヘアオイルBS 30mL,2,0,2026-06,2026-06-11 10:23:18
2026-06-30,アインズ,ＬＩＮＫＳＵＭＥＤＡ店,YOU TOKYO,YOU TOKYO ヘアオイルBS 30mL,2,0,2026-06,2026-06-11 10:23:18
2026-06-30,アインズ,銀座インズ店,YOU TOKYO,YOU TOKYO ヘアオイルBS 30mL,1,0,2026-06,2026-06-11 10:23:18
2026-06-30,アインズ,博多マルイ店,YOU TOKYO,YOU TOKYO ヘアオイルBS 30mL,2,0,2026-06,2026-06-11 10:23:18
2026-06-30,アインズ,東急プラザ戸塚店,YOU TOKYO,YOU TOKYO ヘアオイルBS 30mL,2,0,2026-06,2026-06-11 10:23:18
2026-06-30,アインズ,札幌国際ビル店,YOU TOKYO,YOU TOKYO ヘアオイルBS 30mL,2,0,2026-06,2026-06-11 10:23:18
2026-06-30,アインズ,光が丘ＩＭＡ店,YOU TOKYO,YOU TOKYO ヘアオイルBS 30mL,5,0,2026-06,2026-06-11 10:23:18
2026-06-30,アインズ,アミュプラザくまもと店,YOU TOKYO,YOU TOKYO ヘアオイルBS 30mL,2,0,2026-06,2026-06-11 10:23:18
2026-06-30,アインズ,大名古屋ビルヂング店,YOU TOKYO,YOU TOKYO ヘアオイルBS 30mL,3,0,2026-06,2026-06-11 10:23:18
2026-06-30,アインズ,大船店,YOU TOKYO,YOU TOKYO ヘアオイルBS 30mL,1,0,2026-06,2026-06-11 10:23:18
2026-06-30,アインズ,グランデュオ立川店,YOU TOKYO,YOU TOKYO ヘアオイルBS 30mL,2,0,2026-06,2026-06-11 10:23:18
2026-06-30,アインズ,福岡三越ラシック店,YOU TOKYO,YOU TOKYO ヘアオイルBS 30mL,1,0,2026-06,2026-06-11 10:23:18
2026-06-30,アインズ,アミュプラザ鹿児島店,YOU TOKYO,YOU TOKYO ヘアオイルBS 30mL,2,0,2026-06,2026-06-11 10:23:18
2026-06-30,アインズ,福岡天神西通り店,YOU TOKYO,YOU TOKYO ヘアオイルBS 30mL,1,0,2026-06,2026-06-11 10:23:18
2026-06-30,アインズ,エキソアレ西神中央店,YOU TOKYO,YOU TOKYO ヘアオイルBS 30mL,1,0,2026-06,2026-06-11 10:23:18
2026-06-30,アインズ,センテラス天文館店,YOU TOKYO,YOU TOKYO ヘアオイルBS 30mL,1,0,2026-06,2026-06-11 10:23:18
2026-06-30,アインズ,ららぽーと福岡店,YOU TOKYO,YOU TOKYO ヘアオイルBS 30mL,1,0,2026-06,2026-06-11 10:23:18
2026-06-30,アインズ,カメイドクロック店,YOU TOKYO,YOU TOKYO ヘアオイルBS 30mL,1,0,2026-06,2026-06-11 10:23:18
2026-06-30,アインズ,神戸元町店,YOU TOKYO,YOU TOKYO ヘアオイルBS 30mL,4,0,2026-06,2026-06-11 10:23:18
2026-06-30,アインズ,二子玉川ライズＳ．Ｃ．店,YOU TOKYO,YOU TOKYO ヘアオイルBS 30mL,1,0,2026-06,2026-06-11 10:23:18
2026-06-30,アインズ,セレオ国分寺店,YOU TOKYO,YOU TOKYO ヘアオイルBS 30mL,1,0,2026-06,2026-06-11 10:23:18
2026-06-30,アインズ,シャポー小岩店,YOU TOKYO,YOU TOKYO ヘアオイルBS 30mL,3,0,2026-06,2026-06-11 10:23:18
2026-06-30,アインズ,ココリア多摩センター店,YOU TOKYO,YOU TOKYO ヘアオイルBS 30mL,1,0,2026-06,2026-06-11 10:23:18
2026-06-30,アインズ,ココノススキノ店,YOU TOKYO,YOU TOKYO ヘアオイルBS 30mL,7,0,2026-06,2026-06-11 10:23:18
2026-06-30,アインズ,Ｃａｒｒｏｔ　Ｓｔ．ＳＡＮＣＨ,YOU TOKYO,YOU TOKYO ヘアオイルBS 30mL,2,0,2026-06,2026-06-11 10:23:18
2026-06-30,アインズ,西武新宿ペペ店,YOU TOKYO,YOU TOKYO ヘアオイルBS 30mL,2,0,2026-06,2026-06-11 10:23:18
2026-06-30,アインズ,シーナシーナ青森店,YOU TOKYO,YOU TOKYO ヘアオイルBS 30mL,1,0,2026-06,2026-06-11 10:23:18
2026-06-30,アインズ,渋谷モディ店,YOU TOKYO,YOU TOKYO ヘアオイルBS 30mL,1,0,2026-06,2026-06-11 10:23:18
2026-06-30,アインズ,シーナシーナ福住店,YOU TOKYO,YOU TOKYO ヘアオイルBS 30mL,1,0,2026-06,2026-06-11 10:23:18
2026-06-30,アインズ,ヨークパーク郡山店,YOU TOKYO,YOU TOKYO ヘアオイルBS 30mL,2,0,2026-06,2026-06-11 10:23:18
2026-06-30,アインズ,広島ＰＡＲＣＯ店,YOU TOKYO,YOU TOKYO ヘアオイルBS 30mL,2,0,2026-06,2026-06-11 10:23:18
2026-06-30,アインズ,エトモ中央林間店,YOU TOKYO,YOU TOKYO ヘアオイルBS 30mL,2,0,2026-06,2026-06-11 10:23:18
2026-06-30,アインズ,福屋広島駅前店,YOU TOKYO,YOU TOKYO ヘアオイルBS 30mL,4,0,2026-06,2026-06-11 10:23:18
2026-06-30,アインズ,洛北阪急スクエア店,YOU TOKYO,YOU TOKYO ヘアオイルBS 30mL,4,0,2026-06,2026-06-11 10:23:18
2026-06-30,アインズ,デュオ店,ラフドット,laugh. インティメイトウォッシュ アクアラベンダー,1,0,2026-06,2026-06-11 10:23:18
2026-06-30,アインズ,ル・トロワ店,ラフドット,laugh. インティメイトウォッシュ アクアラベンダー,1,0,2026-06,2026-06-11 10:23:18
2026-06-30,アインズ,新宿東口店,ラフドット,laugh. インティメイトウォッシュ アクアラベンダー,1,0,2026-06,2026-06-11 10:23:18
2026-06-30,アインズ,北千住マルイ店,ラフドット,laugh. インティメイトウォッシュ アクアラベンダー,2,0,2026-06,2026-06-11 10:23:18
2026-06-30,アインズ,小田急百貨店町田店,ラフドット,laugh. インティメイトウォッシュ アクアラベンダー,1,0,2026-06,2026-06-11 10:23:18
2026-06-30,アインズ,グランエミオ所沢店２Ｆ,ラフドット,laugh. インティメイトウォッシュ アクアラベンダー,2,0,2026-06,2026-06-11 10:23:18
2026-06-30,アインズ,ペリエ千葉店,ラフドット,laugh. インティメイトウォッシュ アクアラベンダー,1,0,2026-06,2026-06-11 10:23:18
2026-06-30,アインズ,栄セントラルパーク店,ラフドット,laugh. インティメイトウォッシュ アクアラベンダー,1,0,2026-06,2026-06-11 10:23:18
2026-06-30,アインズ,ＬＩＮＫＳＵＭＥＤＡ店,ラフドット,laugh. インティメイトウォッシュ アクアラベンダー,1,0,2026-06,2026-06-11 10:23:18
2026-06-30,アインズ,銀座インズ店,ラフドット,laugh. インティメイトウォッシュ アクアラベンダー,1,0,2026-06,2026-06-11 10:23:18
2026-06-30,アインズ,仙台ＰＡＲＣＯ２,ラフドット,laugh. インティメイトウォッシュ アクアラベンダー,1,0,2026-06,2026-06-11 10:23:18
2026-06-30,アインズ,札幌国際ビル店,ラフドット,laugh. インティメイトウォッシュ アクアラベンダー,1,0,2026-06,2026-06-11 10:23:18
2026-06-30,アインズ,光が丘ＩＭＡ店,ラフドット,laugh. インティメイトウォッシュ アクアラベンダー,2,0,2026-06,2026-06-11 10:23:18
2026-06-30,アインズ,大名古屋ビルヂング店,ラフドット,laugh. インティメイトウォッシュ アクアラベンダー,2,0,2026-06,2026-06-11 10:23:18
2026-06-30,アインズ,大船店,ラフドット,laugh. インティメイトウォッシュ アクアラベンダー,2,0,2026-06,2026-06-11 10:23:18
2026-06-30,アインズ,ららぽーと福岡店,ラフドット,laugh. インティメイトウォッシュ アクアラベンダー,2,0,2026-06,2026-06-11 10:23:18
2026-06-30,アインズ,神戸元町店,ラフドット,laugh. インティメイトウォッシュ アクアラベンダー,1,0,2026-06,2026-06-11 10:23:18
2026-06-30,アインズ,シャポー小岩店,ラフドット,laugh. インティメイトウォッシュ アクアラベンダー,1,0,2026-06,2026-06-11 10:23:18
2026-06-30,アインズ,横浜ポルタ店,ラフドット,laugh. インティメイトウォッシュ アクアラベンダー,2,0,2026-06,2026-06-11 10:23:18
2026-06-30,アインズ,ココノススキノ店,ラフドット,laugh. インティメイトウォッシュ アクアラベンダー,1,0,2026-06,2026-06-11 10:23:18
2026-06-30,アインズ,エキュート上野店,ラフドット,laugh. インティメイトウォッシュ アクアラベンダー,2,0,2026-06,2026-06-11 10:23:18
2026-06-30,アインズ,シーナシーナ青森店,ラフドット,laugh. インティメイトウォッシュ アクアラベンダー,1,0,2026-06,2026-06-11 10:23:18
2026-06-30,アインズ,シーナシーナ弘前店,ラフドット,laugh. インティメイトウォッシュ アクアラベンダー,2,0,2026-06,2026-06-11 10:23:18
2026-06-30,アインズ,池袋ＰＡＲＣＯ店,ラフドット,laugh. インティメイトウォッシュ アクアラベンダー,1,0,2026-06,2026-06-11 10:23:18
2026-06-30,アインズ,仙台泉中央セルバ店,ラフドット,laugh. インティメイトウォッシュ アクアラベンダー,1,0,2026-06,2026-06-11 10:23:18
2026-06-30,アインズ,アミュプラザ長崎店,ラフドット,laugh. インティメイトウォッシュ アクアラベンダー,1,0,2026-06,2026-06-11 10:23:18
2026-06-30,アインズ,グランエミオ所沢店２Ｆ,ラフドット,laugh.インティメイトFミスト アクアラベンダー,1,0,2026-06,2026-06-11 10:23:18
2026-06-30,アインズ,アミュプラザ長崎店,ラフドット,laugh.インティメイトFミスト アクアラベンダー,1,0,2026-06,2026-06-11 10:23:18
2026-06-30,アインズ,月寒中央店,ラフドット,laugh.薬用ホワイトセラム 30g,2,0,2026-06,2026-06-11 10:23:18
2026-06-30,アインズ,麻生店,ラフドット,laugh.薬用ホワイトセラム 30g,2,0,2026-06,2026-06-11 10:23:18
2026-06-30,アインズ,琴似店,ラフドット,laugh.薬用ホワイトセラム 30g,1,0,2026-06,2026-06-11 10:23:18
2026-06-30,アインズ,地下街店,ラフドット,laugh.薬用ホワイトセラム 30g,3,0,2026-06,2026-06-11 10:23:18
2026-06-30,アインズ,宇都宮店,ラフドット,laugh.薬用ホワイトセラム 30g,1,0,2026-06,2026-06-11 10:23:18
2026-06-30,アインズ,マルヤマクラス店,ラフドット,laugh.薬用ホワイトセラム 30g,2,0,2026-06,2026-06-11 10:23:18
2026-06-30,アインズ,大通ビッセ店,ラフドット,laugh.薬用ホワイトセラム 30g,2,0,2026-06,2026-06-11 10:23:18
2026-06-30,アインズ,東京駅店,ラフドット,laugh.薬用ホワイトセラム 30g,1,0,2026-06,2026-06-11 10:23:18
2026-06-30,アインズ,デュオ店,ラフドット,laugh.薬用ホワイトセラム 30g,2,0,2026-06,2026-06-11 10:23:18
2026-06-30,アインズ,ル・トロワ店,ラフドット,laugh.薬用ホワイトセラム 30g,2,0,2026-06,2026-06-11 10:23:18
2026-06-30,アインズ,小田急百貨店町田店,ラフドット,laugh.薬用ホワイトセラム 30g,2,0,2026-06,2026-06-11 10:23:18
2026-06-30,アインズ,グランエミオ所沢店２Ｆ,ラフドット,laugh.薬用ホワイトセラム 30g,1,0,2026-06,2026-06-11 10:23:18
2026-06-30,アインズ,ペリエ千葉店,ラフドット,laugh.薬用ホワイトセラム 30g,3,0,2026-06,2026-06-11 10:23:18
2026-06-30,アインズ,栄セントラルパーク店,ラフドット,laugh.薬用ホワイトセラム 30g,1,0,2026-06,2026-06-11 10:23:18
2026-06-30,アインズ,銀座インズ店,ラフドット,laugh.薬用ホワイトセラム 30g,2,0,2026-06,2026-06-11 10:23:18
2026-06-30,アインズ,博多マルイ店,ラフドット,laugh.薬用ホワイトセラム 30g,1,0,2026-06,2026-06-11 10:23:18
2026-06-30,アインズ,仙台ＰＡＲＣＯ２,ラフドット,laugh.薬用ホワイトセラム 30g,1,0,2026-06,2026-06-11 10:23:18
2026-06-30,アインズ,さんすて岡山店,ラフドット,laugh.薬用ホワイトセラム 30g,2,0,2026-06,2026-06-11 10:23:18
2026-06-30,アインズ,アミュプラザくまもと店,ラフドット,laugh.薬用ホワイトセラム 30g,1,0,2026-06,2026-06-11 10:23:18
2026-06-30,アインズ,ららぽーと福岡店,ラフドット,laugh.薬用ホワイトセラム 30g,1,0,2026-06,2026-06-11 10:23:18
2026-06-30,アインズ,二子玉川ライズＳ．Ｃ．店,ラフドット,laugh.薬用ホワイトセラム 30g,1,0,2026-06,2026-06-11 10:23:18
2026-06-30,アインズ,ココノススキノ店,ラフドット,laugh.薬用ホワイトセラム 30g,3,0,2026-06,2026-06-11 10:23:18
2026-06-30,アインズ,西武新宿ペペ店,ラフドット,laugh.薬用ホワイトセラム 30g,2,0,2026-06,2026-06-11 10:23:18
2026-06-30,アインズ,シーナシーナ青森店,ラフドット,laugh.薬用ホワイトセラム 30g,1,0,2026-06,2026-06-11 10:23:18
2026-06-30,アインズ,シーナシーナ弘前店,ラフドット,laugh.薬用ホワイトセラム 30g,2,0,2026-06,2026-06-11 10:23:18
2026-06-30,アインズ,ヨークパーク郡山店,ラフドット,laugh.薬用ホワイトセラム 30g,1,0,2026-06,2026-06-11 10:23:18
2026-06-30,アインズ,仙台ＰＡＲＣＯ１,ラフドット,laugh.薬用ホワイトセラム 30g,1,0,2026-06,2026-06-11 10:23:18
2026-06-30,アインズ,仙台泉中央セルバ店,ラフドット,laugh.薬用ホワイトセラム 30g,1,0,2026-06,2026-06-11 10:23:18
2026-06-30,アインズ,まるひろ上尾ＳＣ店,ラフドット,laugh.薬用ホワイトセラム 30g,2,0,2026-06,2026-06-11 10:23:18
2026-06-30,アインズ,アミュプラザ長崎店,ラフドット,laugh.薬用ホワイトセラム 30g,1,0,2026-06,2026-06-11 10:23:18
2026-06-30,アインズ,月寒中央店,ラフドット,laugh.ヘアリムーバー 75mL,2,0,2026-06,2026-06-11 10:23:18
2026-06-30,アインズ,麻生店,ラフドット,laugh.ヘアリムーバー 75mL,1,0,2026-06,2026-06-11 10:23:18
2026-06-30,アインズ,地下街店,ラフドット,laugh.ヘアリムーバー 75mL,2,0,2026-06,2026-06-11 10:23:18
2026-06-30,アインズ,デュオ店,ラフドット,laugh.ヘアリムーバー 75mL,2,0,2026-06,2026-06-11 10:23:18
2026-06-30,アインズ,ル・トロワ店,ラフドット,laugh.ヘアリムーバー 75mL,3,0,2026-06,2026-06-11 10:23:18
2026-06-30,アインズ,小田急百貨店町田店,ラフドット,laugh.ヘアリムーバー 75mL,1,0,2026-06,2026-06-11 10:23:18
2026-06-30,アインズ,ペリエ千葉店,ラフドット,laugh.ヘアリムーバー 75mL,2,0,2026-06,2026-06-11 10:23:18
2026-06-30,アインズ,さんすて岡山店,ラフドット,laugh.ヘアリムーバー 75mL,1,0,2026-06,2026-06-11 10:23:18
2026-06-30,アインズ,光が丘ＩＭＡ店,ラフドット,laugh.ヘアリムーバー 75mL,2,0,2026-06,2026-06-11 10:23:18
2026-06-30,アインズ,大名古屋ビルヂング店,ラフドット,laugh.ヘアリムーバー 75mL,1,0,2026-06,2026-06-11 10:23:18
2026-06-30,アインズ,福岡三越ラシック店,ラフドット,laugh.ヘアリムーバー 75mL,1,0,2026-06,2026-06-11 10:23:18
2026-06-30,アインズ,二子玉川ライズＳ．Ｃ．店,ラフドット,laugh.ヘアリムーバー 75mL,1,0,2026-06,2026-06-11 10:23:18
2026-06-30,アインズ,ココノススキノ店,ラフドット,laugh.ヘアリムーバー 75mL,1,0,2026-06,2026-06-11 10:23:18
2026-06-30,アインズ,西武新宿ペペ店,ラフドット,laugh.ヘアリムーバー 75mL,3,0,2026-06,2026-06-11 10:23:18
2026-06-30,アインズ,シーナシーナ青森店,ラフドット,laugh.ヘアリムーバー 75mL,1,0,2026-06,2026-06-11 10:23:18
2026-06-30,アインズ,シーナシーナ弘前店,ラフドット,laugh.ヘアリムーバー 75mL,2,0,2026-06,2026-06-11 10:23:18
2026-06-30,アインズ,池袋ＰＡＲＣＯ店,ラフドット,laugh.ヘアリムーバー 75mL,1,0,2026-06,2026-06-11 10:23:18
2026-06-30,アインズ,まるひろ上尾ＳＣ店,ラフドット,laugh.ヘアリムーバー 75mL,1,0,2026-06,2026-06-11 10:23:18
2026-06-30,アインズ,月寒中央店,ラフドット,laughインティメイトウォッシュSB 100mL,2,0,2026-06,2026-06-11 10:23:18
2026-06-30,アインズ,地下街店,ラフドット,laughインティメイトウォッシュSB 100mL,3,0,2026-06,2026-06-11 10:23:18
2026-06-30,アインズ,大通ビッセ店,ラフドット,laughインティメイトウォッシュSB 100mL,1,0,2026-06,2026-06-11 10:23:18
2026-06-30,アインズ,アリオ札幌店,ラフドット,laughインティメイトウォッシュSB 100mL,3,0,2026-06,2026-06-11 10:23:18
2026-06-30,アインズ,北千住マルイ店,ラフドット,laughインティメイトウォッシュSB 100mL,1,0,2026-06,2026-06-11 10:23:18
2026-06-30,アインズ,小田急百貨店町田店,ラフドット,laughインティメイトウォッシュSB 100mL,4,0,2026-06,2026-06-11 10:23:18
2026-06-30,アインズ,グランエミオ所沢店２Ｆ,ラフドット,laughインティメイトウォッシュSB 100mL,1,0,2026-06,2026-06-11 10:23:18
2026-06-30,アインズ,ペリエ千葉店,ラフドット,laughインティメイトウォッシュSB 100mL,6,0,2026-06,2026-06-11 10:23:18
2026-06-30,アインズ,アミュプラザくまもと店,ラフドット,laughインティメイトウォッシュSB 100mL,2,0,2026-06,2026-06-11 10:23:18
2026-06-30,アインズ,福岡三越ラシック店,ラフドット,laughインティメイトウォッシュSB 100mL,3,0,2026-06,2026-06-11 10:23:18
2026-06-30,アインズ,ココノススキノ店,ラフドット,laughインティメイトウォッシュSB 100mL,4,0,2026-06,2026-06-11 10:23:18
2026-06-30,アインズ,西武新宿ペペ店,ラフドット,laughインティメイトウォッシュSB 100mL,1,0,2026-06,2026-06-11 10:23:18
2026-06-30,アインズ,シーナシーナ青森店,ラフドット,laughインティメイトウォッシュSB 100mL,5,0,2026-06,2026-06-11 10:23:18
2026-06-30,アインズ,シーナシーナ弘前店,ラフドット,laughインティメイトウォッシュSB 100mL,5,0,2026-06,2026-06-11 10:23:18
2026-06-30,アインズ,ヨークパーク郡山店,ラフドット,laughインティメイトウォッシュSB 100mL,4,0,2026-06,2026-06-11 10:23:18
2026-06-30,アインズ,仙台ＰＡＲＣＯ１,ラフドット,laughインティメイトウォッシュSB 100mL,1,0,2026-06,2026-06-11 10:23:18
2026-06-30,アインズ,池袋ＰＡＲＣＯ店,ラフドット,laughインティメイトウォッシュSB 100mL,1,0,2026-06,2026-06-11 10:23:18
2026-06-30,アインズ,エトモ中央林間店,ラフドット,laughインティメイトウォッシュSB 100mL,1,0,2026-06,2026-06-11 10:23:18
2026-06-30,アインズ,まるひろ上尾ＳＣ店,ラフドット,laughインティメイトウォッシュSB 100mL,1,0,2026-06,2026-06-11 10:23:18
2026-06-30,アインズ,アミュプラザ長崎店,ラフドット,laughインティメイトウォッシュSB 100mL,2,0,2026-06,2026-06-11 10:23:18
2026-06-30,アインズ,マルヤマクラス店,ラフドット,laugh.インティメイトFミストSB 14mL,1,0,2026-06,2026-06-11 10:23:18
2026-06-30,アインズ,宮の沢駅店,ラフドット,laugh.インティメイトFミストSB 14mL,2,0,2026-06,2026-06-11 10:23:18
2026-06-30,アインズ,ル・トロワ店,ラフドット,laugh.インティメイトFミストSB 14mL,1,0,2026-06,2026-06-11 10:23:18
2026-06-30,アインズ,新宿東口店,ラフドット,laugh.インティメイトFミストSB 14mL,1,0,2026-06,2026-06-11 10:23:18
2026-06-30,アインズ,小田急百貨店町田店,ラフドット,laugh.インティメイトFミストSB 14mL,1,0,2026-06,2026-06-11 10:23:18
2026-06-30,アインズ,仙台ＰＡＲＣＯ２,ラフドット,laugh.インティメイトFミストSB 14mL,2,0,2026-06,2026-06-11 10:23:18
2026-06-30,アインズ,光が丘ＩＭＡ店,ラフドット,laugh.インティメイトFミストSB 14mL,2,0,2026-06,2026-06-11 10:23:18
2026-06-30,アインズ,アミュプラザ鹿児島店,ラフドット,laugh.インティメイトFミストSB 14mL,1,0,2026-06,2026-06-11 10:23:18
2026-06-30,アインズ,ココノススキノ店,ラフドット,laugh.インティメイトFミストSB 14mL,2,0,2026-06,2026-06-11 10:23:18
2026-06-30,アインズ,西武新宿ペペ店,ラフドット,laugh.インティメイトFミストSB 14mL,1,0,2026-06,2026-06-11 10:23:18
2026-06-30,アインズ,シーナシーナ弘前店,ラフドット,laugh.インティメイトFミストSB 14mL,1,0,2026-06,2026-06-11 10:23:18
2026-06-30,アインズ,ヨークパーク郡山店,ラフドット,laugh.インティメイトFミストSB 14mL,1,0,2026-06,2026-06-11 10:23:18
2026-06-30,アインズ,まるひろ上尾ＳＣ店,ラフドット,laugh.インティメイトFミストSB 14mL,1,0,2026-06,2026-06-11 10:23:18
2026-06-30,アインズ,アトレマルヒロ川越店,ラフドット,laugh.インティメイトFミストSB 14mL,1,0,2026-06,2026-06-11 10:23:18
2026-06-30,アインズ,月寒中央店,ラフドット,laughインティメイトウォッシュPM 100mL,1,0,2026-06,2026-06-11 10:23:18
2026-06-30,アインズ,麻生店,ラフドット,laughインティメイトウォッシュPM 100mL,1,0,2026-06,2026-06-11 10:23:18
2026-06-30,アインズ,琴似店,ラフドット,laughインティメイトウォッシュPM 100mL,1,0,2026-06,2026-06-11 10:23:18
2026-06-30,アインズ,地下街店,ラフドット,laughインティメイトウォッシュPM 100mL,3,0,2026-06,2026-06-11 10:23:18
2026-06-30,アインズ,自由が丘,ラフドット,laughインティメイトウォッシュPM 100mL,3,0,2026-06,2026-06-11 10:23:18
2026-06-30,アインズ,大通ビッセ店,ラフドット,laughインティメイトウォッシュPM 100mL,2,0,2026-06,2026-06-11 10:23:18
2026-06-30,アインズ,宮の沢駅店,ラフドット,laughインティメイトウォッシュPM 100mL,1,0,2026-06,2026-06-11 10:23:18
2026-06-30,アインズ,北千住マルイ店,ラフドット,laughインティメイトウォッシュPM 100mL,3,0,2026-06,2026-06-11 10:23:18
2026-06-30,アインズ,小田急百貨店町田店,ラフドット,laughインティメイトウォッシュPM 100mL,4,0,2026-06,2026-06-11 10:23:18
2026-06-30,アインズ,ペリエ千葉店,ラフドット,laughインティメイトウォッシュPM 100mL,2,0,2026-06,2026-06-11 10:23:18
2026-06-30,アインズ,ＬＩＮＫＳＵＭＥＤＡ店,ラフドット,laughインティメイトウォッシュPM 100mL,2,0,2026-06,2026-06-11 10:23:18
2026-06-30,アインズ,銀座インズ店,ラフドット,laughインティメイトウォッシュPM 100mL,2,0,2026-06,2026-06-11 10:23:18
2026-06-30,アインズ,仙台ＰＡＲＣＯ２,ラフドット,laughインティメイトウォッシュPM 100mL,1,0,2026-06,2026-06-11 10:23:18
2026-06-30,アインズ,札幌国際ビル店,ラフドット,laughインティメイトウォッシュPM 100mL,2,0,2026-06,2026-06-11 10:23:18
2026-06-30,アインズ,光が丘ＩＭＡ店,ラフドット,laughインティメイトウォッシュPM 100mL,3,0,2026-06,2026-06-11 10:23:18
2026-06-30,アインズ,アミュプラザくまもと店,ラフドット,laughインティメイトウォッシュPM 100mL,3,0,2026-06,2026-06-11 10:23:18
2026-06-30,アインズ,大船店,ラフドット,laughインティメイトウォッシュPM 100mL,1,0,2026-06,2026-06-11 10:23:18
2026-06-30,アインズ,福岡三越ラシック店,ラフドット,laughインティメイトウォッシュPM 100mL,1,0,2026-06,2026-06-11 10:23:18
2026-06-30,アインズ,ららぽーと福岡店,ラフドット,laughインティメイトウォッシュPM 100mL,7,0,2026-06,2026-06-11 10:23:18
2026-06-30,アインズ,シャポー小岩店,ラフドット,laughインティメイトウォッシュPM 100mL,1,0,2026-06,2026-06-11 10:23:18
2026-06-30,アインズ,ココノススキノ店,ラフドット,laughインティメイトウォッシュPM 100mL,3,0,2026-06,2026-06-11 10:23:18
2026-06-30,アインズ,エキア竹ノ塚店,ラフドット,laughインティメイトウォッシュPM 100mL,1,0,2026-06,2026-06-11 10:23:18
2026-06-30,アインズ,西武新宿ペペ店,ラフドット,laughインティメイトウォッシュPM 100mL,2,0,2026-06,2026-06-11 10:23:18
2026-06-30,アインズ,シーナシーナ青森店,ラフドット,laughインティメイトウォッシュPM 100mL,2,0,2026-06,2026-06-11 10:23:18
2026-06-30,アインズ,シーナシーナ福住店,ラフドット,laughインティメイトウォッシュPM 100mL,3,0,2026-06,2026-06-11 10:23:18
2026-06-30,アインズ,シーナシーナ弘前店,ラフドット,laughインティメイトウォッシュPM 100mL,4,0,2026-06,2026-06-11 10:23:18
2026-06-30,アインズ,ヨークパーク郡山店,ラフドット,laughインティメイトウォッシュPM 100mL,8,0,2026-06,2026-06-11 10:23:18
2026-06-30,アインズ,仙台ＰＡＲＣＯ１,ラフドット,laughインティメイトウォッシュPM 100mL,1,0,2026-06,2026-06-11 10:23:18
2026-06-30,アインズ,池袋ＰＡＲＣＯ店,ラフドット,laughインティメイトウォッシュPM 100mL,1,0,2026-06,2026-06-11 10:23:18
2026-06-30,アインズ,プライムツリー赤池店,ラフドット,laughインティメイトウォッシュPM 100mL,1,0,2026-06,2026-06-11 10:23:18
2026-06-30,アインズ,仙台泉中央セルバ店,ラフドット,laughインティメイトウォッシュPM 100mL,2,0,2026-06,2026-06-11 10:23:18
2026-06-30,アインズ,まるひろ上尾ＳＣ店,ラフドット,laughインティメイトウォッシュPM 100mL,1,0,2026-06,2026-06-11 10:23:18
2026-06-30,アインズ,アミュプラザ長崎店,ラフドット,laughインティメイトウォッシュPM 100mL,3,0,2026-06,2026-06-11 10:23:18
2026-06-30,アインズ,地下街店,ラフドット,laughインティメイトFミスト PM 14mL,1,0,2026-06,2026-06-11 10:23:18
2026-06-30,アインズ,宇都宮店,ラフドット,laughインティメイトFミスト PM 14mL,1,0,2026-06,2026-06-11 10:23:18
2026-06-30,アインズ,宮の沢駅店,ラフドット,laughインティメイトFミスト PM 14mL,1,0,2026-06,2026-06-11 10:23:18
2026-06-30,アインズ,ル・トロワ店,ラフドット,laughインティメイトFミスト PM 14mL,1,0,2026-06,2026-06-11 10:23:18
2026-06-30,アインズ,グランエミオ所沢店２Ｆ,ラフドット,laughインティメイトFミスト PM 14mL,1,0,2026-06,2026-06-11 10:23:18
2026-06-30,アインズ,博多マルイ店,ラフドット,laughインティメイトFミスト PM 14mL,1,0,2026-06,2026-06-11 10:23:18
2026-06-30,アインズ,札幌国際ビル店,ラフドット,laughインティメイトFミスト PM 14mL,3,0,2026-06,2026-06-11 10:23:18
2026-06-30,アインズ,二子玉川ライズＳ．Ｃ．店,ラフドット,laughインティメイトFミスト PM 14mL,1,0,2026-06,2026-06-11 10:23:18
2026-06-30,アインズ,シャポー小岩店,ラフドット,laughインティメイトFミスト PM 14mL,1,0,2026-06,2026-06-11 10:23:18
2026-06-30,アインズ,ココノススキノ店,ラフドット,laughインティメイトFミスト PM 14mL,1,0,2026-06,2026-06-11 10:23:18
2026-06-30,アインズ,シーナシーナ青森店,ラフドット,laughインティメイトFミスト PM 14mL,1,0,2026-06,2026-06-11 10:23:18
2026-06-30,アインズ,ヨークパーク郡山店,ラフドット,laughインティメイトFミスト PM 14mL,1,0,2026-06,2026-06-11 10:23:18
2026-06-30,アインズ,エトモ中央林間店,ラフドット,laughインティメイトFミスト PM 14mL,2,0,2026-06,2026-06-11 10:23:18
